"Seviye","Kelime","Tür","Anlam","Cümle"
"A1 1 S","a","indefinite article","(herhangi) bir, belirli bir tür veya nitelikteki","I need a book. Bir kitaba ihtiyacım var."
"A1 1 S","a det","determiner","birkaç, birtakım","A few people came to the party. Partiye birkaç kişi geldi."
"A1 1 S","a lot","adverb + pronoun","çok, bir sürü","I like it a lot. Onu çok seviyorum."
"A1 1 S","a lot of","determiner","çok sayıda, bir sürü","There are a lot of cars. Çok sayıda araba var."
"A1 1 S","about","preposition","hakkında, üzerine","We are talking about the weather. Hava hakkında konuşuyoruz."
"A1 1 S","add","verb","eklemek, ilave etmek","Add some sugar, please. Lütfen biraz şeker ekle."
"A1 1 S","afternoon","noun","öğleden sonra","I will see you in the afternoon. Seni öğleden sonra göreceğim."
"A1 1 S","again","adverb","tekrar, gene","Please say it again. Lütfen bunu tekrar söyle."
"A1 1 S","Alex","noun","özel isim (Alex)","Alex is my friend. Alex benim arkadaşım."
"A1 1 S","Alice","noun","özel isim (Alice)","Alice is reading a book. Alice bir kitap okuyor."
"A1 1 S","alien","noun","uzaylı","He saw an alien in the movie. Filimde bir uzaylı gördü."
"A1 1 S","alphabet","noun","alfabe","Can you say the alphabet? Alfabeyi söyleyebilir misin?"
"A1 1 S","an","indefinite article","bir (sesli harfle başlayan kelimelerin önünde)","She is an artist. O bir sanatçı."
"A1 1 S","and","conjunction","ve","I have a cat and a dog. Bir kedim ve bir köpeğim var."
"A1 1 S","angry","adjective","kızgın, öfkeli","The teacher is angry. Öğretmen kızgın."
"A1 1 S","animal","noun","hayvan","The lion is a wild animal. Aslan vahşi bir hayvandır."
"A1 1 S","Ann/Anna","noun","özel isim (Ann/Anna)","Ann likes apples. Ann elmaları sever."
"A1 1 S","answer","noun + verb","cevap, yanıt / cevap vermek","I know the answer. Cevabı biliyorum."
"A1 1 S","apartment (UK ﬂat)","noun","apartman dairesi","They live in a big apartment. Büyük bir apartmanda yaşıyorlar."
"A1 1 S","apple","noun","elma","I eat an apple every day. Her gün bir elma yerim."
"A1 1 S","arm","noun","kol","He hurt his arm. Kolunu incitti."
"A1 1 S","armchair","noun","koltuk","Sit down in the armchair. Koltuğa otur."
"A1 1 S","ask","verb","sormak","Let me ask a question. Bir soru sormama izin ver."
"A1 1 S","at","preposition of place","de, da (konum belirtmek için)","She is at home. O evde."
"A1 1 S","B","noun","B harfi","The word starts with B. Kelime B ile başlıyor."
"A1 1 S","baby","noun","bebek","The baby is sleeping. Bebek uyuyor."
"A1 1 S","badminton","noun","badminton","We play badminton on Sundays. Pazar günleri badminton oynarız."
"A1 1 S","bag","noun","çanta","My book is in the bag. Kitabım çantada."
"A1 1 S","ball","noun","top","The boy has a red ball. Çocuğun kırmızı bir topu var."
"A1 1 S","balloon","noun","balon","She has a pink balloon. Onun pembe bir balonu var."
"A1 1 S","banana","noun","muz","Monkeys love bananas. Maymunlar muzu sever."
"A1 1 S","baseball","noun","beyzbol","They play baseball outside. Dışarıda beyzbol oynuyorlar."
"A1 1 S","baseball cap","noun","beyzbol şapkası","He wears a baseball cap. Bir beyzbol şapkası takıyor."
"A1 1 S","basketball","noun","basketbol","Basketball is a popular sport. Basketbol popüler bir spordur."
"A1 1 S","bat (as sports equipment)","noun","oyun sopası (raket/baston)","He bought a new baseball bat. Yeni bir beyzbol sopası satın aldı."
"A1 1 S","bath","noun","banyo","I take a bath every evening. Her akşam banyo yaparım."
"A1 1 S","bathroom","noun","banyo odası","Where is the bathroom? Banyo nerede?"
"A1 1 S","be","verb","olmak","I want to be a pilot. Pilot olmak istiyorum."
"A1 1 S","beach","noun","plaj, kumsal","We walked on the beach. Kumsalda yürüdük."
"A1 1 S","bean","noun","fasulye","She likes green beans. Yeşil fasulyeyi sever."
"A1 1 S","bear","noun","ayı","A bear lives in the forest. Ormanda bir ayı yaşar."
"A1 1 S","beautiful","adjective","güzel","It is a beautiful day. Güzel bir gün."
"A1 1 S","bed","noun","yatak","It is time for bed. Yatış vakti."
"A1 1 S","bedroom","noun","yatak odası","My bedroom is upstairs. Yatak odam üst katta."
"A1 1 S","bee","noun","arı","A bee makes honey. Arı bal yapar."
"A1 1 S","behind","preposition","arkasında","The cat is behind the door. Kedi kapının arkasında."
"A1 1 S","Ben","noun","özel isim (Ben)","Ben is my brother. Ben benim erkek kardeşim."
"A1 1 S","between","preposition","arasında","The ball is between the boxes. Top kutuların arasında."
"A1 1 S","big","adjective","büyük","An elephant is a big animal. Fil büyük bir hayvandır."
"A1 1 S","bike","noun","bisiklet","I ride my bike to school. Okula bisikletimle giderim."
"A1 1 S","Bill","noun","özel isim (Bill)","Bill has a new car. Bill'in yeni bir arabası var."
"A1 1 S","bird","noun","kuş","A bird can fly. Bir kuş uçabilir."
"A1 1 S","birthday","noun","doğum günü","Today is my birthday. Bugün benim doğum günüm."
"A1 1 S","black","adjective","siyah","He has a black jacket. Siyah bir ceketi var."
"A1 1 S","blue","adjective","mavi","The sky is blue. Gökyüzü mavi."
"A1 1 S","board game","noun","kutu oyunu","We play a board game tonight. Bu gece bir kutu oyunu oynayacağız."
"A1 1 S","board","noun","tahta","Look at the board, please. Lütfen tahtaya bakın."
"A1 1 S","boat","noun","tekne, bot","They are sailing in a boat. Bir teknede yelken açıyorlar."
"A1 1 S","body","noun","vücut","Exercise is good for your body. Egzersiz vücudun için iyidir."
"A1 1 S","book","noun","kitap","I am reading a book. Bir kitap okuyorum."
"A1 1 S","bookcase","noun","kitaplık","The bookcase is full of books. Kitaplık kitap dolu."
"A1 1 S","bookshop","noun","kitapçı","I bought this novel at the bookshop. Bu romanı kitapçıdan aldım."
"A1 1 S","boots","noun","bot, çizmeler","She is wearing leather boots. Deri botlar giyiyor."
"A1 1 S","bounce","verb","zıplatmak","The child bounces the ball. Çocuk topu zıplatıyor."
"A1 1 S","box","noun","kutu","The gift is in a big box. Hediye büyük bir kutuda."
"A1 1 S","boy","noun","erkek çocuk","The boy is playing football. Erkek çocuk futbol oynuyor."
"A1 1 S","bread","noun","ekmek","I eat bread for breakfast. Kahvaltıda ekmek yerim."
"A1 1 S","breakfast","noun","kahvaltı","What did you eat for breakfast? Kahvaltıda ne yedin?"
"A1 1 S","brother","noun","erkek kardeş","My brother plays guitar. Erkek kardeşim gitar çalar."
"A1 1 S","brown","adjective","kahverengi","The dog is brown. Köpek kahverengi."
"A1 1 S","burger","noun","hamburger","We ate a delicious burger. Lezzetli bir hamburger yedik."
"A1 1 S","bus","noun","otobüs","I take the bus to work. İşe otobüsle giderim."
"A1 1 S","but","conjunction","ama, fakat","I want to go, but I can't. Gitmek istiyorum ama gidemem."
"A1 1 S","bye","exclamation","hoşça kal","Bye! See you tomorrow. Hoşça kal! Yarın görüşürüz."
"A1 1 S","C","noun","C harfi","Cat starts with C. Kedi C ile başlar."
"A1 1 S","cake","noun","kek, pasta","She baked a chocolate cake. Çikolatalı kek pişirdi."
"A1 1 S","camera","noun","kamera, fotoğraf makinesi","He takes photos with his camera. Kamerasıyla fotoğraflar çekiyor."
"A1 1 S","can","verb","-ebilmek, yapabilmek","She can swim very well. Çok iyi yüzebiliyor."
"A1 1 S","candy (UK sweet(s))","noun","şekerleme","The child wants some candy. Çocuk biraz şeker istiyor."
"A1 1 S","car","noun","araba","My father drives a red car. Babam kırmızı bir araba sürüyor."
"A1 1 S","carrot","noun","havuç","Rabbits like eating carrots. Tavşanlar havuç yemeyi sever."
"A1 1 S","cat","noun","kedi","The cat is sleeping on the sofa. Kedi kanepede uyuyor."
"A1 1 S","catch (e.g. a ball)","verb","yakalamak","He tried to catch the ball. Topu yakalamaya çalıştı."
"A1 1 S","chair","noun","sandalye","Please sit on the chair. Lütfen sandalyeye otur."
"A1 1 S","chicken","noun","tavuk","We had chicken for dinner. Akşam yemeğinde tavuk yedik."
"A1 1 S","child/children","noun","çocuk / çocuklar","Children are playing in the park. Çocuklar parkta oynuyor."
"A1 1 S","chips (US fries)","noun","patates kızartması","I like burgers and chips. Hamburger ve patates kızartmasını severim."
"A1 1 S","chocolate","noun","çikolata","Do you like dark chocolate? Bitter çikolata sever misin?"
"A1 1 S","choose","verb","seçmek","Choose your favorite color. En sevdiğin rengi seç."
"A1 1 S","clap","verb","alkışlamak","The audience began to clap. Seyirci alkışlamaya başladı."
"A1 1 S","class","noun","sınıf, ders","We are in the same class. Aynı sınıftayız."
"A1 1 S","classmate","noun","sınıf arkadaşı","He is my best classmate. O benim en iyi sınıf arkadaşım."
"A1 1 S","classroom","noun","derslik, sınıf","Our classroom is very big. Sınıfımız çok büyük."
"A1 1 S","clean","adjective + verb","temiz / temizlemek","Keep your room clean. Odanı temiz tut."
"A1 1 S","clock","noun","duvar saati","The clock on the wall says three. Duvardaki saat üçü gösteriyor."
"A1 1 S","close","verb","kapatmak","Please close the door. Lütfen kapıyı kapat."
"A1 1 S","closed","adjective","kapalı","The shop is closed today. Dükkan bugün kapalı."
"A1 1 S","clothes","noun","giysiler, kıyafetler","She bought new winter clothes. Yeni kışlık kıyafetler aldı."
"A1 1 S","coconut","noun","hindistan cevizi","Coconut milk is very refreshing. Hindistan cevizi sütü çok ferahlatıcıdır."
"A1 1 S","colour (US color)","noun + verb","renk / boyamak","What is your favorite colour? En sevdiğin renk nedir?"
"A1 1 S","come","verb","gelmek","Come here, please. Lütfen buraya gel."
"A1 1 S","complete","verb","tamamlamak","Complete the sentences below. Aşağıdaki cümleleri tamamla."
"A1 1 S","computer","noun","bilgisayar","I use a computer for work. İşim için bilgisayar kullanıyorum."
"A1 1 S","cool","adjective + exclamation","havalı, harika / ne ala!","That is a cool jacket! Bu çok havalı bir ceket!"
"A1 1 S","correct","adjective","doğru, hatasız","Your answer is correct. Cevabın doğru."
"A1 1 S","count","verb","saymak","Count from one to ten. Bir'den ona kadar say."
"A1 1 S","cousin","noun","kuzen","My cousin lives in London. Kuzenim Londra'da yaşıyor."
"A1 1 S","cow","noun","inek","Cows give us milk. İnekler bize süt verir."
"A1 1 S","crayon","noun","mum boya","He draws pictures with crayons. Mum boyalarla resimler çizer."
"A1 1 S","crocodile","noun","timsah","A crocodile lives in the river. Timsah nehirde yaşar."
"A1 1 S","cross","noun + verb","çarpı işareti / geçmek","Cross the street carefully. Caddeyi dikkatlice geç."
"A1 1 S","cupboard","noun","dolap, büfe","Put the plates in the cupboard. Tabakları dolaba koy."
"A1 1 S","D","noun","D harfi","Dog starts with D. Köpek D ile başlar."
"A1 1 S","dad","noun","baba","My dad is cooking dinner. Babam akşam yemeği pişiriyor."
"A1 1 S","Dan","noun","özel isim (Dan)","Dan is my uncle's son. Dan amcamın oğlu."
"A1 1 S","day","noun","gün","Have a nice day! İyi günler!"
"A1 1 S","desk","noun","çalışma masası","His desk is full of papers. Çalışma masası kağıt dolu."
"A1 1 S","dining room","noun","yemek odası","We eat meals in the dining room. Yemekleri yemek odasında yiyoruz."
"A1 1 S","dinner","noun","akşam yemeği","What is for dinner? Akşam yemeğinde ne var?"
"A1 1 S","dirty","adjective","kirli","Your shoes are dirty. Ayakkabıların kirli."
"A1 1 S","do","verb","yapmak","What do you do? Ne iş yaparsın?"
"A1 1 S","dog","noun","köpek","The dog is barking outside. Köpek dışarıda havlıyor."
"A1 1 S","doll","noun","oyuncak bebek","She loves playing with her doll. Oyuncak bebegiyle oynamayı sever."
"A1 1 S","don’t worry","exclamation","merak etme","Don't worry, everything is fine. Merak etme, her şey yolunda."
"A1 1 S","donkey","noun","eşek","The farmer has a donkey. Çiftçinin bir eşeği var."
"A1 1 S","door","noun","kapı","Open the door, please. Lütfen kapıyı aç."
"A1 1 S","double","adjective","çift, katlı","I booked a double room. Çift kişilik bir oda ayıttım."
"A1 1 S","draw","verb","çizmek","She likes to draw pictures. Resim çizmeyi sever."
"A1 1 S","drawing","noun","çizim, resim","This is a nice drawing. Bu güzel bir çizim."
"A1 1 S","dress","noun","elbise","She is wearing a red dress. Kırmızı bir elbise giyiyor."
"A1 1 S","drink","noun + verb","içecek / içmek","Would you like a drink? Bir içecek ister misin?"
"A1 1 S","drive","verb","araba sürmek","He can drive a car. Araba sürebilir."
"A1 1 S","duck","noun","ördek","Ducks swim in the lake. Ördekler gölde yüzer."
"A1 1 S","E","noun","E harfi","Egg starts with E. Yumurta E ile başlar."
"A1 1 S","ear","noun","kulak","He whispered in my ear. Kulağıma fısıldadı."
"A1 1 S","eat","verb","yemek yemek","I like to eat apples. Elma yemeyi severim."
"A1 1 S","egg","noun","yumurta","I eat an egg every morning. Her sabah bir yumurta yerim."
"A1 1 S","elephant","noun","fil","An elephant has a long trunk. Filin uzun bir hortumu vardır."
"A1 1 S","end","noun","son, bitiş","This is the end of the story. Bu hikayenin sonu."
"A1 1 S","English","adjective + noun","İngilizce / İngiliz","She is studying English. İngilizce çalışıyor."
"A1 1 S","enjoy","verb","tadını çıkarmak, hoşlanmak","I enjoy listening to music. Müzik dinlemekten keyif alıyorum."
"A1 1 S","eraser (UK rubber)","noun","silgi","Can I borrow your eraser? Silgini ödünç alabilir miyim?"
"A1 1 S","Eva","noun","özel isim (Eva)","Eva is my best friend. Eva benim en iyi arkadaşım."
"A1 1 S","evening","noun","akşam","Good evening! İyi akşamlar!"
"A1 1 S","example","noun","örnek","Can you give me an example? Bana bir örnek verebilir misin?"
"A1 1 S","eye","noun","göz","She has blue eyes. Mavi gözleri var."
"A1 1 S","F","noun","F harfi","Fish starts with F. Balık F ile başlar."
"A1 1 S","face","noun","yüz","Wash your face with water. Yüzünü suyla yıka."
"A1 1 S","family","noun","aile","I love my family very much. Ailem çok seviyorum."
"A1 1 S","fantastic","adjective + exclamation","şahane, harika","The weather is fantastic today. Bugün hava harika."
"A1 1 S","father","noun","baba","My father is an engineer. Babam bir mühendis."
"A1 1 S","favourite (US favorite)","adjective","en sevilen","What is your favourite food? En sevdiğin yemek nedir?"
"A1 1 S","ﬂat (US apartment)","noun","daire","They live in a small ﬂat. Küçük bir dairede yaşıyorlar."
"A1 1 S","ﬂoor","noun","zemin, kat","The keys are on the floor. Anahtarlar yerde."
"A1 1 S","ﬂower","noun","çiçek","She picked a yellow flower. Sarı bir çiçek topladı."
"A1 1 S","ﬂy","verb","uçmak","Birds can fly in the sky. Kuşlar gökyüzünde uçabilir."
"A1 1 S","fnd","verb","bulmak","I cannot find my keys. Anahtarlarımı bulamıyorum."
"A1 1 S","food","noun","yiyecek, yemek","Italian food is very popular. İtalyan yemekleri çok popülerdir."
"A1 1 S","foot/feet","noun","ayak / ayaklar","He hurt his left foot. Sol ayağını incitti."
"A1 1 S","football (US soccer)","noun","futbol","We play football on Saturdays. Cumartesi günleri futbol oynarız."
"A1 1 S","for","preposition","için","This gift is for you. Bu hediye senin için."
"A1 1 S","friend","noun","arkadaş","She is a good friend. O iyi bir arkadaş."
"A1 1 S","fries (UK chips)","noun","patates kızartması","I want a burger and fries. Bir hamburger ve patates kızartması istiyorum."
"A1 1 S","frog","noun","kurbağa","A frog can jump high. Bir kurbağa yükseğe zıplayabilir."
"A1 1 S","from","preposition","-den, -dan (çıkış yeri)","I am from Turkey. Ben Türkiye'denim."
"A1 1 S","fruit","noun","meyve","Eat fresh fruit every day. Her gün taze meyve ye."
"A1 1 S","fun","adjective + noun","eğlence, eğlenceli","Learning English is fun. İngilizce öğrenmek eğlencelidir."
"A1 1 S","funny","adjective","komik, eğlenceli","He told a funny joke. Komik bir fıkra anlattı."
"A1 1 S","G","noun","G harfi","Girl starts with G. Kız G ile başlar."
"A1 1 S","game","noun","oyun","Let's play a video game. Bir video oyunu oynayalım."
"A1 1 S","garden","noun","bahçe","The children are playing in the garden. Çocuklar bahçede oynuyor."
"A1 1 S","get","verb","almak, elde etmek","Can you get some milk? Biraz süt alabilir misin?"
"A1 1 S","giraffe","noun","zürafa","A giraffe has a long neck. Zürafanın uzun bir boynu vardır."
"A1 1 S","girl","noun","kız çocuk","The girl is reading a book. Kız çocuk kitap okuyor."
"A1 1 S","give","verb","vermek","Give me that pen, please. Lütfen o kalemini bana ver."
"A1 1 S","glasses","noun","gözlük","He wears glasses to read. Okumak için gözlük takıyor."
"A1 1 S","go","verb","gitmek","I need to go home now. Şimdi eve gitmem gerekiyor."
"A1 1 S","go to bed","verb","yatağa gitmek, uyumaya gitmek","I usually go to bed at ten. Genellikle onda yatağa giderim."
"A1 1 S","go to sleep","verb","uyumaya başlamak","The baby went to sleep quickly. Bebek çabucak uykuya daldı."
"A1 1 S","goat","noun","keçi","The goat is eating grass. Keçi ot yiyor."
"A1 1 S","good","adjective","iyi","This is a good book. Bu iyi bir kitap."
"A1 1 S","goodbye","exclamation","hoşça kal","Goodbye! Have a nice trip. Hoşça kal! İyi yolculuklar."
"A1 1 S","Grace","noun","özel isim (Grace)","Grace sings very well. Grace çok iyi şarkı söyler."
"A1 1 S","grandfather","noun","büyükbaba, dede","My grandfather tells great stories. Büyükbabam harika hikayeler anlatır."
"A1 1 S","grandma","noun","büyükanne, büyünoş","Grandma is baking cookies. Büyükanne kurabiye pişiriyor."
"A1 1 S","grandmother","noun","büyükanne","My grandmother lives with us. Büyükannemiz bizimle yaşıyor."
"A1 1 S","grandpa","noun","büyükbaba, dede","Grandpa is in the garden. Büyükbaba bahçede."
"A1 1 S","grape","noun","üzüm","I like eating green grapes. Yeşil üzüm yemeyi severim."
"A1 1 S","gray (UK grey)","adjective","gri","Elephants are gray. Filler gridir."
"A1 1 S","great","adjective + exclamation","harika, mükemmel","That is a great idea! Bu harika bir fikir!"
"A1 1 S","green","adjective","yeşil","The grass is green. Çimen yeşildir."
"A1 1 S","grey (US gray)","adjective","gri","His car is grey. Onun arabası gri."
"A1 1 S","guitar","noun","gitar","He is playing the acoustic guitar. Akustik gitar çalıyor."
"A1 1 S","H","noun","H harfi","House starts with H. Ev H ile başlar."
"A1 1 S","hair","noun","saç","She has long brown hair. Uzun kahverengi saçları var."
"A1 1 S","hall","noun","hol, koridor","Leave your coat in the hall. Ceketini holde bırak."
"A1 1 S","hand","noun","el","Raise your hand if you know. Biliyorsan elini kaldır."
"A1 1 S","handbag","noun","el çantası","She lost her leather handbag. Deri el çantasını kaybetti."
"A1 1 S","happy","adjective","mutlu","They look very happy today. Bugün çok mutlu görünüyorlar."
"A1 1 S","hat","noun","şapka","He is wearing a winter hat. Kışlık bir şapka takıyor."
"A1 1 S","have got","verb","sahip olmak","I have got a new bike. Yeni bir bisikletim var."
"A1 1 S","have","verb","sahip olmak, yemek/içmek","I have a cup of coffee. Bir fincan kahve içiyorum."
"A1 1 S","he","pronoun","o (erkek)","He is playing football. O futbol oynuyor."
"A1 1 S","head","noun","baş, kafa","Wear a helmet on your head. Kafana kask tak."
"A1 1 S","helicopter","noun","helikopter","A helicopter landed in the field. Tarlaya bir helikopter indi."
"A1 1 S","hello","exclamation","merhaba","Hello, how are you? Merhaba, nasılsın?"
"A1 1 S","her","possessive adjective + pronoun","onun (kadın) / onu","This is her bag. Bu onun çantası."
"A1 1 S","here","adverb","burada","Come here right now. Hemen buraya gel."
"A1 1 S","hers","pronoun","onun (kadın)","This book is hers. Bu kitap onun."
"A1 1 S","hi","exclamation","selam","Hi! Nice to meet you. Selam! Tanıştığımıza memnun oldum."
"A1 1 S","him","pronoun","onu (erkek)","I saw him yesterday. Onu dün gördüm."
"A1 1 S","hippo","noun","su aygırı","The hippo is in the river. Su aygırı nehirde."
"A1 1 S","his","possessive adjective + pronoun","onun (erkek)","This is his car. Bu onun arabası."
"A1 1 S","hit","verb","vurmak, çarpmak","He hit the ball with a bat. Topa sopayla vurdu."
"A1 1 S","hobby","noun","hobi","Painting is my favorite hobby. Resim yapmak en sevdiğim hobi."
"A1 1 S","hockey","noun","hokey","They play hockey in winter. Kışın hokey oynarlar."
"A1 1 S","hold","verb","tutmak","Hold my hand, please. Lütfen elimi tut."
"A1 1 S","home","noun + adv","ev, evde","I want to go home. Eve gitmek istiyorum."
"A1 1 S","hooray","exclamation","yaşasın","Hooray! We won the match. Yaşasın! Maçı kazandık."
"A1 1 S","horse","noun","at","He loves riding a horse. At binmeyi çok sever."
"A1 1 S","house","noun","ev","They live in a white house. Beyaz bir evde yaşıyorlar."
"A1 1 S","how","interrogative","nasıl","How are you today? Bugün nasılsın?"
"A1 1 S","how many","interrogative","kaç tane","How many books do you have? Kaç kitabın var?"
"A1 1 S","how old","interrogative","kaç yaşında","How old is your sister? Kız kardeşin kaç yaşında?"
"A1 1 S","Hugo","noun","özel isim (Hugo)","Hugo is my classmate. Hugo sınıf arkadaşım."
"A1 1 S","I","pronoun","ben","I am learning English. İngilizce öğreniyorum."
"A1 1 S","ice cream","noun","dondurma","I like chocolate ice cream. Çikolatalı dondurmayı severim."
"A1 1 S","in","preposition of place + time","içinde, de, da","The cat is in the box. Kedi kutunun içinde."
"A1 1 S","in front of","preposition","önünde","The car is in front of the house. Araba evin önünde."
"A1 1 S","it","pronoun","o (cansız/hayvan)","It is a cold day. Soğuk bir gün."
"A1 1 S","its","possessive adjective + pronoun","onun","The cat is licking its paw. Kedi patisini yalıyor."
"A1 1 S","J","noun","J harfi","Juice starts with J. Meyve suyu J ile başlar."
"A1 1 S","jacket","noun","ceket","Put on your warm jacket. Sıcak ceketini giy."
"A1 1 S","jeans","noun","kot pantolon","He is wearing blue jeans. Mavi kot pantolon giyiyor."
"A1 1 S","jellyfsh","noun","denizanası","We saw a jellyfish in the sea. Denizin içinde bir denizanası gördük."
"A1 1 S","Jill","noun","özel isim (Jill)","Jill has a nice cat. Jill'in güzel bir kedisi var."
"A1 1 S","juice","noun","meyve suyu","I drink orange juice for breakfast. Kahvaltıda portakal suyu içerim."
"A1 1 S","jump","verb","zıplamak","The children can jump high. Çocuklar yükseğe zıplayabilir."
"A1 1 S","K","noun","K harfi","Key starts with K. Anahtar K ile başlar."
"A1 1 S","keyboard (computer)","noun","klavye","Clean your computer keyboard. Bilgisayar klavyeni temizle."
"A1 1 S","kick","verb","tekmeklemek, vurmak","He kicked the football. Futbol topuna vurdu."
"A1 1 S","kid","noun","çocuk, velet","The kids are playing outside. Çocuklar dışarıda oynuyor."
"A1 1 S","Kim","noun","özel isim (Kim)","Kim is reading a magazine. Kim dergi okuyor."
"A1 1 S","kitchen","noun","mutfak","Mom is cooking in the kitchen. Anne mutfakta yemek pişiriyor."
"A1 1 S","kite","noun","uçurtma","We are flying a kite in the wind. Rüzgarda uçurtma uçuruyoruz."
"A1 1 S","kiwi","noun","kivi","Kiwi is a healthy fruit. Kivi sağlıklı bir meyvedir."
"A1 1 S","know","verb","bilmek","I know the answer to this question. Bu sorunun cevabını biliyorum."
"A1 1 S","L","noun","L harfi","Lemon starts with L. Limon L ile başlar."
"A1 1 S","lamp","noun","lamba","Turn on the desk lamp, please. Lütfen çalışma lambasını aç."
"A1 1 S","learn","verb","öğrenmek","I want to learn German. Almanca öğrenmek istiyorum."
"A1 1 S","leg","noun","bacak","He broke his leg playing football. Futbol oynarken bacağını kırdı."
"A1 1 S","lemon","noun","limon","Lemons are very sour. Limonlar çok ekşidir."
"A1 1 S","lemonade","noun","limonata","We drank cold lemonade. Soğuk limonata içtik."
"A1 1 S","lesson","noun","ders","Our English lesson starts at nine. İngilizce dersimiz dokuzda başlıyor."
"A1 1 S","let’s","verb","hadi...alım/yapalım","Let's go to the park. Hadi parka gidelim."
"A1 1 S","letter (as in alphabet)","noun","harf","Write each letter clearly. Her harfi net bir şekilde yaz."
"A1 1 S","like","preposition + verb","gibi / sevmek","I like reading books. Kitap okumayı severim."
"A1 1 S","lime","noun","misket limonu","Add a slice of lime to your drink. İçeceğine bir dilim misket limonu ekle."
"A1 1 S","line","noun","çizgi, sıra","Draw a straight line. Düz bir çizgi çiz."
"A1 1 S","listen","verb","dinlemek","Listen to the teacher carefully. Öğretmeni dikkatlice dinle."
"A1 1 S","live","verb","yaşamak","They live in a big city. Büyük bir şehirde yaşıyorlar."
"A1 1 S","living room","noun","oturma odası","We watch TV in the living room. Oturma odasında televizyon izliyoruz."
"A1 1 S","lizard","noun","kertenkele","A lizard is sitting on the rock. Kayanın üzerinde bir kertenkele oturuyor."
"A1 1 S","long","adjective","uzun","She has very long hair. Çok uzun saçları var."
"A1 1 S","look","verb","bakmak","Look at this beautiful picture. Bu güzel resme bak."
"A1 1 S","look at","verb","bakmak","Look at the blackboard. Yazı tahtasına bak."
"A1 1 S","lorry (US truck)","noun","kamyon","A large lorry is on the road. Yolda büyük bir kamyon var."
"A1 1 S","lots","adverb + pronoun","çok miktarda","Thanks a lot for your help. Yardımın için çok teşekkürler."
"A1 1 S","lots of","determiner","pek çok, bir sürü","There are lots of apples on the tree. Ağaçta bir sürü elma var."
"A1 1 S","love","verb","sevmek","I love my family. Ailemi çok seviyorum."
"A1 1 S","Lucy","noun","özel isim (Lucy)","Lucy is playing with her dog. Lucy köpeğiyle oynuyor."
"A1 1 S","lunch","noun","öğle yemeği","What did you have for lunch? Öğle yemeğinde ne yedin?"
"A1 1 S","M","noun","M harfi","Moon starts with M. Ay M ile başlar."
"A1 1 S","make","verb","yapmak","She is making a cake. O bir kek yapıyor."
"A1 1 S","man/men","noun","adam / adamlar","The man is reading a newspaper. Adam gazete okuyor."
"A1 1 S","mango","noun","mango","Mango is a tropical fruit. Mango tropikal bir meyvedir."
"A1 1 S","many","determiner","kaç tane, çok sayıda","How many pencils do you have? Kaç kurşun kalemin var?"
"A1 1 S","Mark","noun","özel isim (Mark)","Mark plays tennis very well. Mark çok iyi tenis oynar."
"A1 1 S","mat","noun","paspas, küçük halı","Wipe your feet on the mat. Ayaklarını paspasda sil."
"A1 1 S","Matt","noun","özel isim (Matt)","Matt is my best friend. Matt benim en iyi arkadaşım."
"A1 1 S","May (as in girl’s name)","noun","özel isim (May)","May is a clever girl. May akıllı bir kız."
"A1 1 S","me","pronoun","beni, bana","Can you help me, please? Lütfen bana yardım edebilir misin?"
"A1 1 S","me too","discourse","ben de","I like apples. -Me too. Elmayı severim. -Ben de."
"A1 1 S","meat","noun","et","I don't eat red meat. Kırmızı et yeme."
"A1 1 S","meatballs","noun","köfte","Mom made delicious meatballs. Anne lezzetli köfteler yaptı."
"A1 1 S","milk","noun","süt","Children should drink milk. Çocuklar süt içmeli."
"A1 1 S","mine","pronoun","benimki","This pen is mine. Bu kalem benimki."
"A1 1 S","mirror","noun","ayna","She looked at herself in the mirror. Aynada kendine baktı."
"A1 1 S","Miss","title","Bayan (bekar kadınlar için ünvan)","Good morning, Miss Smith. Günaydın Bayan Smith."
"A1 1 S","monkey","noun","maymun","The monkey is climbing the tree. Maymun ağaca tırmanıyor."
"A1 1 S","monster","noun","canavar","The child drew a scary monster. Çocuk korkunç bir canavar çizdi."
"A1 1 S","morning","noun","sabah","Good morning! Günaydın!"
"A1 1 S","mother","noun","anne","My mother is a teacher. Annem bir öğretmen."
"A1 1 S","motorbike","noun","motosiklet","He rides a motorbike to work. İşe motosikletle gidiyor."
"A1 1 S","mouse (computer)","noun","bilgisayar faresi","Click with the computer mouse. Bilgisayar faresiyle tıkla."
"A1 1 S","mouse/mice","noun","fare / fareler","The cat chased the mouse. Kedi fareyi kovaladı."
"A1 1 S","mouth","noun","ağız","Open your mouth, please. Lütfen ağzını aç."
"A1 1 S","Mr","title","Bay (erkekler için ünvan)","Mr. Brown is our manager. Bay Brown bizim müdürümüzdür."
"A1 1 S","Mrs","title","Bayan (evli kadınlar için ünvan)","Mrs. Davis is at home. Bayan Davis evde."
"A1 1 S","mum","noun","anne","Mum, can I have some water? Anne, biraz su alabilir miyim?"
"A1 1 S","music","noun","müzik","I like listening to pop music. Pop müzik dinlemeyi severim."
"A1 1 S","my","possessive adjective","benim","This is my new car. Bu benim yeni arabam."
"A1 1 S","N","noun","N harfi","Nose starts with N. Burun N ile başlar."
"A1 1 S","name","noun","isim, ad","What is your name? Adın nedir?"
"A1 1 S","new","adjective","yeni","I bought a new phone. Yeni bir telefon satın aldım."
"A1 1 S","next to","preposition","bitişiğinde, yanında","The bank is next to the shop. Banka dükkanın bitişiğinde."
"A1 1 S","nice","adjective","güzel, hoş","It is a very nice day. Çok hoş bir gün."
"A1 1 S","Nick","noun","özel isim (Nick)","Nick is playing football. Nick futbol oynuyor."
"A1 1 S","night","noun","gece","Good night! İyi geceler!"
"A1 1 S","no","adverb + determiner","hayır / hiç, yok","No, I don't want to go. Hayır, gitmek istemiyorum."
"A1 1 S","nose","noun","burun","The dog has a cold nose. Köpeğin soğuk bir burnu var."
"A1 1 S","not","adverb","değil (olumsuzluk eki)","I am not tired. Yorgun değilim."
"A1 1 S","now","adverb","şimdi","I am busy right now. Şu anda meşgulüm."
"A1 1 S","number","noun","sayı, numara","What is your phone number? Telefon numaran nedir?"
"A1 1 S","O","noun","O harfi","Orange starts with O. Portakal O ile başlar."
"A1 1 S","of","preposition","-in, -nın","A cup of tea, please. Bir fincan çay, lütfen."
"A1 1 S","oh","discourse","oh, ah","Oh, I forgot my keys! Ah, anahtarlarımı unutmuşum!"
"A1 1 S","oh dear","exclamation","vah vah, hay Allah","Oh dear, it is raining. Hay Allah, yağan yağmur var."
"A1 1 S","OK","adjective + discourse","tamam","Are you ready? -OK. Hazır mısın? -Tamam."
"A1 1 S","old","adjective","yaşlı, eski","His car is very old. Onun arabası çok eski."
"A1 1 S","on","preposition of place","üstünde","The book is on the table. Kitap masanın üstünde."
"A1 1 S","one","determiner + pronoun","bir","I have one brother. Bir erkek kardeşim var."
"A1 1 S","onion","noun","soğan","Cut the onions for the soup. Çorba için soğanları doğra."
"A1 1 S","open","adjective + verb","açık / açmak","Open the window, please. Lütfen pencereyi aç."
"A1 1 S","or","conjunction","veya, ya da","Do you want tea or coffee? Çay mı yoksa kahve mi istersin?"
"A1 1 S","orange","adjective + noun","turuncu / portakal","I ate a sweet orange. Tatlı bir portakal yedim."
"A1 1 S","our","possessive adjective","bizim","This is our new house. Bu bizim yeni evimiz."
"A1 1 S","ours","pronoun","bizimki","The blue house is ours. Mavi ev bizimki."
"A1 1 S","P","noun","P harfi","Pen starts with P. Kalem P ile başlar."
"A1 1 S","page","noun","sayfa","Open your book to page ten. Kitabınızı onuncu sayfaya açın."
"A1 1 S","paint","noun + verb","boya / boyamak","He is painting the wall. Duvarı boyuyor."
"A1 1 S","painting","noun","tablo, resim","She bought an oil painting. Bir yağlı boya tablosu satın aldı."
"A1 1 S","paper","noun","kağıt","Write your name on a piece of paper. Bir parça kağıda adını yaz."
"A1 1 S","pardon","interrogative","efendim? (duyamadıkça tekrarlatmak için)","Pardon? I didn't hear you. Efendim? Seni duymadım."
"A1 1 S","park","noun","park","Children are playing in the park. Çocuklar parkta oynuyor."
"A1 1 S","part","noun","parça, kısım","This is the best part of the movie. Bu filmin en iyi kısmı."
"A1 1 S","Pat","noun","özel isim (Pat)","Pat has a red car. Pat'in kırmızı bir arabası var."
"A1 1 S","pea","noun","bezelye","She likes eating green peas. Yeşil bezelye yemeyi sever."
"A1 1 S","pear","noun","armut","The pear is ripe and sweet. Armut olgun ve tatlı."
"A1 1 S","pen","noun","tükenmez kalem","Write with a blue pen. Mavi bir tükenmez kalemle yaz."
"A1 1 S","pencil","noun","kurşun kalem","I need a pencil to draw. Çizim yapmak için kurşun kalem lazım."
"A1 1 S","person/people","noun","kişi / insanlar","Many people attended the concert. Konsere birçok insan katıldı."
"A1 1 S","pet","noun","evcil hayvan","Do you have any pets? Hiç evcil hayvanın var mı?"
"A1 1 S","phone","noun + verb","telefon / telefon etmek","She is talking on the phone. Telefonda konuşuyor."
"A1 1 S","photo","noun","fotoğraf","Look at this family photo. Bu aile fotoğrafına bak."
"A1 1 S","piano","noun","piyano","She plays the piano very well. Çok iyi piyano çalar."
"A1 1 S","pick up","verb","almak, yerden kaldırmak","Pick up that pen from the floor. Yerden o kalemi al."
"A1 1 S","picture","noun","resim","She drew a nice picture. Güzel bir resim çizdi."
"A1 1 S","pie","noun","turta, börek","Mom baked an apple pie. Anne elmalı turta pişirdi."
"A1 1 S","pineapple","noun","ananas","Pineapple is a delicious fruit. Ananas lezzetli bir meyvedir."
"A1 1 S","pink","adjective","pembe","She is wearing a pink dress. Pembe bir elbise giyiyor."
"A1 1 S","plane","noun","uçak","The plane is flying in the sky. Uçak gökyüzünde uçuyor."
"A1 1 S","play","verb","oynamak","Kids love to play outside. Çocuklar dışarıda oynamayı sever."
"A1 1 S","playground","noun","oyun alanı","Children are running in the playground. Çocuklar oyun alanında koşuyor."
"A1 1 S","please","discourse","lütfen","Help me, please. Lütfen bana yardım et."
"A1 1 S","point","verb","işaret etmek, göstermek","Don't point at people. İnsanları parmakla gösterme."
"A1 1 S","polar bear","noun","kutup ayısı","A polar bear lives in the snow. Kutup ayısı karda yaşar."
"A1 1 S","poster","noun","afiş, poster","He put a music poster on his wall. Duvarına bir müzik posteri astı."
"A1 1 S","potato","noun","patates","We need some potatoes for dinner. Akşam yemeği için biraz patatese ihtiyacımız var."
"A1 1 S","purple","adjective","mor","Her favorite color is purple. En sevdiği renk mor."
"A1 1 S","put","verb","koymak","Put the books on the desk. Kitapları masaya koy."
"A1 1 S","Q","noun","Q harfi","Queen starts with Q. Kraliçe Q ile başlar."
"A1 1 S","question","noun","soru","I have a question for you. Sana bir sorum var."
"A1 1 S","R","noun","R harfi","Red starts with R. Kırmızı R ile başlar."
"A1 1 S","radio","noun","radyo","He listens to the news on the radio. Radyodan haberleri dinliyor."
"A1 1 S","read","verb","okumak","I like to read story books. Hikaye kitapları okumayı severim."
"A1 1 S","really","adverb","gerçekten","I am really happy today. Bugün gerçekten çok mutluyum."
"A1 1 S","red","adjective","kırmızı","He has a red bicycle. Onun kırmızı bir bisikleti var."
"A1 1 S","rice","noun","pirinç, pilav","We had chicken and rice. Tavuk ve pilav yedik."
"A1 1 S","ride","verb","binmek","She can ride a horse. At binebilir."
"A1 1 S","right (as in correct)","adjective","doğru","Your answer is right. Cevabın doğru."
"A1 1 S","right","discourse","peki, aynen öyle","Right, let's start our lesson. Peki, dersimize başlayalım."
"A1 1 S","robot","noun","robot","The toy robot can walk. Oyuncak robot yürüyebiliyor."
"A1 1 S","room","noun","oda","My room is clean and tidy. Odam temiz ve düzenli."
"A1 1 S","rubber (US eraser)","noun","silgi","Can I use your rubber? Silgini kullanabilir miyim?"
"A1 1 S","rug","noun","kilim, halı","There is a red rug on the floor. Yerde kırmızı bir kilim var."
"A1 1 S","ruler","noun","cetvel","Draw a line with a ruler. Cetvelle bir çizgi çiz."
"A1 1 S","run","verb","koşmak","Dogs like to run in the park. Köpekler parkta koşmayı sever."
"A1 1 S","S","noun","S harfi","Sun starts with S. Güneş S ile başlar."
"A1 1 S","sad","adjective","üzgün","She looks very sad today. Bugün çok üzgün görünüyor."
"A1 1 S","Sam","noun","özel isim (Sam)","Sam is playing basketball. Sam basketbol oynuyor."
"A1 1 S","sand","noun","kum","The children are playing with sand. Çocuklar kumla oynuyor."
"A1 1 S","sausage","noun","sosis","He eats sausages for breakfast. Kahvaltıda sosis yer."
"A1 1 S","say","verb","söylemek","Say hello to your mother. Annene merhaba de."
"A1 1 S","scary","adjective","korkunç","I don't like scary movies. Korkunç filmleri sevmem."
"A1 1 S","school","noun","okul","Children go to school every day. Çocuklar her gün okula gider."
"A1 1 S","sea","noun","deniz","We swam in the blue sea. Mavi denizde yüzdük."
"A1 1 S","see","verb","görmek","I can see a bird in the tree. Ağaçta bir kuş görebiliyorum."
"A1 1 S","see you","exclamation","görüşürüz","See you tomorrow! Yarın görüşürüz!"
"A1 1 S","sentence","noun","cümle","Make a sentence with this word. Bu kelimeyle bir cümle kur."
"A1 1 S","she","pronoun","o (kadın)","She is reading a magazine. O bir dergi okuyor."
"A1 1 S","sheep (s + pl)","noun","koyun / koyunlar","The sheep are eating grass. Koyunlar ot yiyor."
"A1 1 S","shell","noun","deniz kabuğu","He found a shell on the beach. Kumsalda bir deniz kabuğu buldu."
"A1 1 S","ship","noun","gemi","A large ship is in the port. Limanda büyük bir gemi var."
"A1 1 S","shirt","noun","gömlek","He is wearing a white shirt. Beyaz bir gömlek giyiyor."
"A1 1 S","shoe","noun","ayakkabı","Take off your shoes inside. İçeride ayakkabılarını çıkar."
"A1 1 S","shop (US store)","noun","dükkan, mağaza","She works in a clothing shop. Bir giyim mağazasında çalışıyor."
"A1 1 S","short","adjective","kısa","He has short brown hair. Kısa kahverengi saçları var."
"A1 1 S","shorts","noun","şort","He is wearing sports shorts. Spor şortu giyiyor."
"A1 1 S","show","verb","göstermek","Show me your new drawing. Bana yeni çizimini göster."
"A1 1 S","silly","adjective","aptalca, serseri","Don't ask silly questions. Aptalca sorular sorma."
"A1 1 S","sing","verb","şarkı söylemek","She can sing very well. Çok iyi şarkı söyleyebilir."
"A1 1 S","sister","noun","kız kardeş","My sister is older than me. Kız kardeşim benden büyük."
"A1 1 S","sit","verb","oturmak","Please sit down on the sofa. Lütfen kanepeye otur."
"A1 1 S","skateboard","noun","kaykay","He rides his skateboard to school. Okula kaykayıyla gidiyor."
"A1 1 S","skateboarding","noun","kaykay sürme","Skateboarding is a fun sport. Kaykay sürmek eğlenceli bir spordur."
"A1 1 S","skirt","noun","etek","She is wearing a blue skirt. Mavi bir etek giyiyor."
"A1 1 S","sleep","verb","uyumak","Babies need to sleep well. Bebeklerin iyi uyuması gerekir."
"A1 1 S","small","adjective","küçük","A mouse is a small animal. Fare küçük bir hayvandır."
"A1 1 S","smile","noun + verb","gülümseme / gülümsemek","She gave me a warm smile. Bana sıcak bir gülümseme bahşetti."
"A1 1 S","snake","noun","yılan","Some snakes are dangerous. Bazı yılanlar tehlikelidir."
"A1 1 S","so","discourse","bu yüzden, yani","I was tired, so I went to bed. Yorgundum, bu yüzden yatağa gittim."
"A1 1 S","soccer (UK football)","noun","futbol","Boys are playing soccer outside. Çocuklar dışarıda futbol oynuyor."
"A1 1 S","sock","noun","çorap","Put on your warm socks. Sıcak çoraplarını giy."
"A1 1 S","sofa","noun","kanepe, koltuk","The cat is sleeping on the sofa. Kedi kanepede uyuyor."
"A1 1 S","some","determiner","birkaç, biraz","I need some water. Biraz suya ihtiyacım var."
"A1 1 S","song","noun","şarkı","This is my favorite song. Bu benim en sevdiğim şarkı."
"A1 1 S","sorry","adjective + int","üzgün / affedersiniz","I am sorry for being late. Geç kaldığım için üzgünüm."
"A1 1 S","spell","verb","harf harf söylemek, hecelemek","How do you spell your name? Adını nasıl hecelersin?"
"A1 1 S","spider","noun","örümcek","There is a spider on the wall. Duvarda bir örümcek var."
"A1 1 S","sport","noun","spor","Football is a popular sport. Futbol popüler bir spordur."
"A1 1 S","stand","verb","ayakta durmak","Please stand up when the teacher enters. Öğretmen girdiğinde lütfen ayağa kalk."
"A1 1 S","start","verb","başlamak","The movie starts at eight. Film saat sekizde başlıyor."
"A1 1 S","stop","verb","durmak","Stop at the red light. Kırmızı ışıkta dur."
"A1 1 S","store (UK shop)","noun","mağaza, büyük dükkan","The toy store is open today. Oyuncak mağazası bugün açık."
"A1 1 S","story","noun","hikaye","She told us a funny story. Bize komik bir hikaye anlattı."
"A1 1 S","street","noun","cadde, sokak","They live on a busy street. Kalabalık bir sokakta yaşıyorlar."
"A1 1 S","Sue","noun","özel isim (Sue)","Sue has a cute cat. Sue'nun sevimli bir kedisi var."
"A1 1 S","sun","noun","güneş","The sun is shining brightly. Güneş parıl parıl parlıyor."
"A1 1 S","sweet(s) (US candy)","noun","şekerleme","Children love eating sweets. Çocuklar şekerleme yemeyi sever."
"A1 1 S","swim","verb","yüzmek","I can swim in the pool. Havuzda yüzebilirim."
"A1 1 S","T","noun","T harfi","Train starts with T. Tren T ile başlar."
"A1 1 S","table","noun","masa","The books are on the table. Kitaplar masanın üzerinde."
"A1 1 S","table tennis","noun","masa tenisi","We play table tennis at school. Okulda masa tenisi oynarız."
"A1 1 S","tablet","noun","tablet bilgisayar","He is playing games on his tablet. Tabletinde oyun oynuyor."
"A1 1 S","tail","noun","kuyruk","The dog is wagging its tail. Köpek kuyruğunu sallıyor."
"A1 1 S","take a photo/picture","verb","fotoğraf çekmek","Let's take a picture together. Birlikte bir fotoğraf çekilelim."
"A1 1 S","talk","verb","konuşmak","They are talking about their project. Projeleri hakkında konuşuyorlar."
"A1 1 S","teacher","noun","öğretmen","Our English teacher is very kind. İngilizce öğretmenimiz çok naziktir."
"A1 1 S","teddy (bear)","noun","oyuncak ayı","The baby is holding his teddy bear. Bebek oyuncak ayısını tutuyor."
"A1 1 S","television/TV","noun","televizyon","We watch cartoons on television. Televizyonda çizgi film izliyoruz."
"A1 1 S","tell","verb","anlatmak, söylemek","Tell me a story, please. Lütfen bana bir hikaye anlat."
"A1 1 S","tennis","noun","tenis","She plays tennis on weekends. Hafta sonları tenis oynar."
"A1 1 S","tennis racket","noun","tenis raketi","He bought a new tennis racket. Yeni bir tenis raketi satın aldı."
"A1 1 S","thank you","discourse","teşekkür ederim","Thank you for your help. Yardımın için teşekkür ederim."
"A1 1 S","thanks","discourse","teşekkürler","Thanks for the lovely gift. Güzel hediye için teşekkürler."
"A1 1 S","that","determiner + pron","şu, o","That car is very expensive. O araba çok pahalı."
"A1 1 S","the","determiner","-i, -de (belirli tanımlık)","The sun is hot today. Bugün güneş sıcak."
"A1 1 S","their","possessive adjective","onların","Their house is near the park. Onların evi parkın yakınında."
"A1 1 S","theirs","pronoun","onlarınki","The big house is theirs. Büyük ev onlarınki."
"A1 1 S","them","pronoun","onları, onlara","I saw them at the market. Onları markette gördüm."
"A1 1 S","then","discourse","o zaman, sonra","We had lunch, then we went home. Öğle yemeği yedik, sonra eve gittik."
"A1 1 S","there","adverb","orada","My keys are over there. Anahtarlarım şurada."
"A1 1 S","these","determiner + pron","bunlar","These books are mine. Bu kitaplar benim."
"A1 1 S","they","pronoun","onlar","They are playing football. Onlar futbol oynuyor."
"A1 1 S","thing","noun","şey","There is something in my eye. Gözümde bir şey var."
"A1 1 S","this","determiner + pron","bu","This is my new laptop. Bu benim yeni dizüstü bilgisayarım."
"A1 1 S","those","determiner + pron","şunlar, o","Those shoes look very nice. O ayakkabılar çok güzel görünüyor."
"A1 1 S","throw","verb","fırlatmak, atmak","Throw the ball to me. Topu bana at."
"A1 1 S","tick","noun + verb","tik işareti / tiklemek","Put a tick in the correct box. Doğru kutuya bir tik koy."
"A1 1 S","tiger","noun","kaplan","A tiger is a wild animal. Kaplan vahşi bir hayvandır."
"A1 1 S","to","preposition","-e, -a (yönelme)","I am going to school. Okula gidiyorum."
"A1 1 S","today","adverb + noun","bugün","Today is my birthday. Bugün benim doğum günüm."
"A1 1 S","Tom","noun","özel isim (Tom)","Tom likes eating apples. Tom elma yemeyi sever."
"A1 1 S","tomato","noun","domates","We need fresh tomatoes for the salad. Salata için taze domatese ihtiyacımız var."
"A1 1 S","too","adverb","de, da / çok","I like reading, too. Ben de okumayı severim."
"A1 1 S","toy","noun","oyuncak","The child has many toys. Çocuğun birçok oyuncagi var."
"A1 1 S","train","noun","tren","We travelled to London by train. Londra'ya trenle seyahat ettik."
"A1 1 S","tree","noun","ağaç","Birds are singing in the tree. Kuşlar ağaçta şarkı söylüyor."
"A1 1 S","trousers","noun","pantolon","He is wearing black trousers. Siyah pantolon giyiyor."
"A1 1 S","truck (UK lorry)","noun","kamyon","A red truck is on the road. Yolda kırmızı bir kamyon var."
"A1 1 S","try","noun + verb","denemek","Try to do your best. Elinden gelenin en iyisini yapmaya çalış."
"A1 1 S","T-shirt","noun","tişört","He is wearing a white T-shirt. Beyaz bir tişört giyiyor."
"A1 1 S","TV/television","noun","televizyon","We are watching a movie on TV. Televizyonda bir film izliyoruz."
"A1 1 S","U","noun","U harfi","Umbrella starts with U. Şemsiye U ile başlar."
"A1 1 S","ugly","adjective","çirkin","The monster in the story was ugly. Hikayedeki canavar çirkindi."
"A1 1 S","under","preposition","altında","The ball is under the chair. Top sandalyenin altında."
"A1 1 S","understand","verb","anlamak","I understand your problem. Sorununu anlıyorum."
"A1 1 S","us","pronoun","bizi, bize","She gave us some candy. O bize biraz şeker verdi."
"A1 1 S","V","noun","V harfi","Village starts with V. Köy V ile başlar."
"A1 1 S","very","adverb","çok","The water is very cold. Su çok soğuk."
"A1 1 S","W","noun","W harfi","Water starts with W. Su W ile başlar."
"A1 1 S","walk","verb","yürümek","We like to walk in the park. Parkta yürümeyi severiz."
"A1 1 S","wall","noun","duvar","There is a picture on the wall. Duvarda bir resim var."
"A1 1 S","want","verb","istemek","I want to learn English. İngilizce öğrenmek istiyorum."
"A1 1 S","watch","noun + verb","kol saati / izlemek","I like to watch movies. Film izlemeyi severim."
"A1 1 S","water","noun","su","Drink plenty of water every day. Her gün bol bol su iç."
"A1 1 S","watermelon","noun","karpuz","We ate a sweet watermelon in summer. Yazın tatlı bir karpuz yedik."
"A1 1 S","wave","verb","el sallamak","She waved goodbye to her friends. Arkadaşlarına el sallayarakveda etti."
"A1 1 S","we","pronoun","biz","We are learning English. Biz İngilizce öğreniyoruz."
"A1 1 S","wear","verb","giymek","She is wearing a blue coat. Mavi bir mont giyiyor."
"A1 1 S","well","discourse","şey, peki","Well, I don't know the answer. Şey, cevabı bilmiyorum."
"A1 1 S","well done","discourse","aferin!","Well done! You passed the exam. Aferin! Sınavı geçtin."
"A1 1 S","what","interrogative","ne","What is your name? Adın ne?"
"A1 1 S","where","interrogative","nerede","Where do you live? Nerede yaşıyorsun?"
"A1 1 S","which","interrogative","hangi","Which color do you prefer? Hangi rengi tercih edersin?"
"A1 1 S","white","adjective","beyaz","The snow is white. Kar beyazdır."
"A1 1 S","who","interrogative","kim","Who is your best friend? En iyi arkadaşın kim?"
"A1 1 S","whose","interrogative","kimin","Whose book is this? Bu kitap kimin?"
"A1 1 S","window","noun","pencere","Open the window for some fresh air. Temiz hava için pencereyi aç."
"A1 1 S","with","preposition","ile","I live with my family. Ailemle birlikte yaşıyorum."
"A1 1 S","woman/women","noun","kadın / kadınlar","Two women are talking outside. Dışarıda iki kadın konuşuyor."
"A1 1 S","word","noun","kelime, sözcük","Translate this word into Turkish. Bu kelimeyi Türkçeye çevir."
"A1 1 S","would like","verb","istemek (nezaketle)","I would like a cup of tea, please. Bir fincan çay istiyorum, lütfen."
"A1 1 S","wow","exclamation","vay be!","Wow, that is a fast car! Vay be, bu çok hızlı bir araba!"
"A1 1 S","write","verb","yazmak","Write your name on the paper. Adını kağıda yaz."
"A1 1 S","X","noun","X harfi","X-ray starts with X. Röntgen X ile başlar."
"A1 1 S","Y","noun","Y harfi","Yellow starts with Y. Sarı Y ile başlar."
"A1 1 S","year","noun","yıl, sene","There are twelve months in a year. Bir yılda on iki ay vardır."
"A1 1 S","yellow","adjective","sarı","The sun is yellow. Güneş sarıdır."
"A1 1 S","yes","adverb","evet","Yes, I want to come. Evet, gelmek istiyorum."
"A1 1 S","you","pronoun","sen, siz","How are you today? Bugün nasılsın?"
"A1 1 S","young","adjective","genç","He is a young and talented player. O genç ve yetenekli bir oyuncu."
"A1 1 S","your","possessive adjective","senin, sizin","Is this your book? Bu senin kitabın mı?"
"A1 1 S","yours","pronoun","seninki, sizinki","This pen is yours. Bu kalem seninki."
"A1 1 S","Z","noun","Z harfi","Zebra starts with Z. Zebra Z ile başlar."
"A1 1 S","zebra n zoo n","noun","zebra ve hayvanat bahçesi","We saw a zebra at the zoo. Hayvanat bahçesinde bir zebra gördük."
"A1 2 M","above","preposition","yukarısında, üzerinde","The plane is flying above the clouds. Uçak bulutların üzerinde uçuyor."
"A1 2 M","address","noun","adres","What is your home address? Ev adresin nedir?"
"A1 2 M","afraid","adjective","korkmuş","Don't be afraid of the dark. Karanlıktan korkma."
"A1 2 M","after","preposition","sonra","We will leave after lunch. Öğle yemeğinden sonra ayrılacağız."
"A1 2 M","age","noun","yaş","What is your age? Yaşın kaç?"
"A1 2 M","all","adj + adv + det + pron","tüm, bütün, hepsi","All students passed the exam. Tüm öğrenciler sınavı geçti."
"A1 2 M","all right","adj + adv","peki, pekala, iyi","Are you feeling all right? Kendini iyi hissediyor musun?"
"A1 2 M","along","preposition","boyunca","We walked along the river. Nehir boyunca yürüdük."
"A1 2 M","always","adverb","her zaman, daima","I always drink coffee in the morning. Sabahları her zaman kahve içerim."
"A1 2 M","another","det + pron","bir diğer, başka bir","Can I have another cup of tea? Başka bir fincan çay alabilir miyim?"
"A1 2 M","any","det + pron","hiç, herhangi bir","Do you have any questions? Hiç sorunuz var mı?"
"A1 2 M","app","noun","uygulama","I downloaded a new language app. Yeni bir dil uygulaması indirdim."
"A1 2 M","around","preposition","etrafında","They walked around the park. Parkın etrafında yürüdüler."
"A1 2 M","asleep","adjective","uykuda","The baby is fast asleep. Bebek derin bir uykuda."
"A1 2 M","at","preposition of time","-de, -da (zaman edatı)","The train leaves at five o'clock. Tren saat beş te kalkıyor."
"A1 2 M","aunt","noun","hala, teyze","My aunt lives in Izmir. Teyzem İzmir'de yaşıyor."
"A1 2 M","awake","adjective","uyanık","He was wide awake at midnight. Gece yarısı uyanıktı."
"A1 2 M","back","adj + adv + n","arka, sırt, geri","He carried a bag on his back. Sırtında bir çanta taşıyordu."
"A1 2 M","bad","adjective","kötü","Smoking is bad for your health. Sigara sağlığınız için kötü."
"A1 2 M","badly","adverb","kötü bir şekilde","He was badly hurt in the accident. Kazada ağır yaralandı."
"A1 2 M","balcony","noun","balkon","We sat on the balcony in the evening. Akşam balkonda oturduk."
"A1 2 M","band (music)","noun","müzik grubu","They formed a rock music band. Bir rock müzik grubu kurdular."
"A1 2 M","basement","noun","bodrum katı","We keep old boxes in the basement. Bodrumda eski kutuları saklıyoruz."
"A1 2 M","bat","noun","yarasa","A bat flies at night. Bir yarasa gece uçar."
"A1 2 M","be called","verb","adlandırılmak, adı olmak","What is this flower called? Bu çiçeğin adı nedir?"
"A1 2 M","beard","noun","sakal","He has a long white beard. Uzun beyaz bir sakalı var."
"A1 2 M","because","conjunction","çünkü","I stayed home because it was raining. Evde kaldım çünkü yağmur yağıyordu."
"A1 2 M","before","preposition","önce","Wash your hands before eating. Yemekten önce ellerini yıka."
"A1 2 M","below","preposition","altında, aşağıda","Sign your name on the line below. Adınızı aşağıdaki çizgiye imzalayın."
"A1 2 M","best","adj + adv","en iyi","She is my best friend. O benim en iyi arkadaşım."
"A1 2 M","better","adj + adv","daha iyi","I feel much better today. Bugün kendimi çok daha iyi hissediyorum."
"A1 2 M","blanket","noun","battaniye","Cover yourself with a warm blanket. Sıcak bir battaniyeye sarın."
"A1 2 M","blond(e)","adjective","sarışın","She has beautiful blond hair. Güzel sarı saçları var."
"A1 2 M","boring","adjective","sıkıcı","I don't like reading boring books. Sıkıcı kitaplar okumayı sevmem."
"A1 2 M","both","det + pron","ikisi de","Both of them like playing tennis. İkisi de tenis oynamayı sever."
"A1 2 M","bottle","noun","şişe","Drink a bottle of water. Bir şişe su iç."
"A1 2 M","bottom","adj + n","alt, dip","Write your name at the bottom of the page. Adını sayfanın altına yaz."
"A1 2 M","bowl","noun","kase","He ate a bowl of hot soup. Bir kase sıcak çorba içti."
"A1 2 M","brave","adjective","cesur","The brave fireman saved the cat. Cesur itfaiyeci kediyi kurtardı."
"A1 2 M","break","noun","ara, mola","Let's take a short break. Kısa bir mola verelim."
"A1 2 M","brilliant","adj + exclamation","parlak, harika","That is a brilliant idea! Bu harika bir fikir!"
"A1 2 M","bring","verb","getirmek","Bring me a glass of water, please. Lütfen bana bir bardak su getir."
"A1 2 M","build","verb","inşa etmek","They are building a new house. Yeni bir ev inşa ediyorlar."
"A1 2 M","building","noun","bina","This is a very old stone building. Bu çok eski bir taş bina."
"A1 2 M","bus station","noun","otogâr, otobüs istasyonu","We met at the central bus station. Merkez otogarında buluştuk."
"A1 2 M","bus stop","noun","otobüs durağı","I am waiting at the bus stop. Otobüs durağında bekliyorum."
"A1 2 M","busy","adjective","meşgul","I am very busy right now. Şu anda çok meşgulüm."
"A1 2 M","buy","verb","satın almak","I want to buy a new computer. Yeni bir bilgisayar satın almak istiyorum."
"A1 2 M","by","preposition","tarafından, ile","The book was written by an author. Kitap bir yazar tarafından yazıldı."
"A1 2 M","café","noun","kafe","Let's meet at the corner café. Köşedeki kafede buluşalım."
"A1 2 M","cage","noun","kafes","The bird flew out of its cage. Kuş kafesinden uçtu."
"A1 2 M","call","verb","aramak, telefon etmek","I will call you later. Seni daha sonra arayacağım."
"A1 2 M","car park","noun","otopark","We parked our car in the car park. Arabamızı otoparka park ettik."
"A1 2 M","careful","adjective","dikkatli","Be careful when you cross the street. Caddeden geçerken dikkatli ol."
"A1 2 M","carefully","adverb","dikkatlice","Listen to the instructions carefully. Talimatları dikkatlice dinle."
"A1 2 M","carry","verb","taşımak","He is carrying a heavy box. Ağır bir kutu taşıyor."
"A1 2 M","catch (e.g. a bus)","verb","yakalamak (otobüse yetişmek)","I need to catch the next bus. Sonraki otobüse yetişmem gerekiyor."
"A1 2 M","CD","noun","CD (kompakt disk)","He listens to music on CDs. CD'lerden müzik dinliyor."
"A1 2 M","centre (US center)","noun","merkez","We walked to the city centre. Şehir merkezine yürüdük."
"A1 2 M","change","verb","değiştirmek","I need to change my clothes. Kıyafetlerimi değiştirmem gerekiyor."
"A1 2 M","Charlie","noun","özel isim (Charlie)","Charlie has a brown dog. Charlie'nin kahverengi bir köpeği var."
"A1 2 M","cheese","noun","peynir","I like eating cheese for breakfast. Kahvaltıda peynir yemeyi severim."
"A1 2 M","cinema","noun","sinema","Let's go to the cinema tonight. Bu gece sinemaya gidelim."
"A1 2 M","circle","noun","daire, çember","Draw a big circle on the paper. Kağıda büyük bir daire çiz."
"A1 2 M","circus","noun","sirk","We saw clowns at the circus. Sirkte palyaçolar gördük."
"A1 2 M","city","noun","şehir, kent","London is a very big city. Londra çok büyük bir şehirdir."
"A1 2 M","city/town centre","noun","şehir/kasaba merkezi","The shops are in the city centre. Mağazalar şehir merkezindedir."
"A1 2 M","Clare","noun","özel isim (Clare)","Clare is reading a book. Clare kitap okuyor."
"A1 2 M","clever","adjective","akıllı, zeki","She is a very clever student. O çok akıllı bir öğrencidir."
"A1 2 M","climb","verb","tırmanmak","The cat climbed up the tree. Kedi ağaca tırmandı."
"A1 2 M","cloud","noun","bulut","There is not a single cloud in the sky. Gökyüzünde tek bir bulut yok."
"A1 2 M","cloudy","adjective","bulutlu","It is a cloudy day today. Bugün bulutlu bir gün."
"A1 2 M","clown","noun","palyaço","The clown made the children laugh. Palyaço çocukları güldürdü."
"A1 2 M","coat","noun","mont, palto","Put on your coat, it is cold outside. Paltonu giy, dışarısı soğuk."
"A1 2 M","coffee","noun","kahve","I drink a cup of coffee every morning. Her sabah bir fincan kahve içerim."
"A1 2 M","cold","adj + noun","soğuk / soğuk algınlığı","The water is very cold. Su çok soğuk."
"A1 2 M","come on","exclamation","hadi, çabuk ol","Come on, we are going to be late. Hadi, geç kalacağız."
"A1 2 M","comic","noun","çizgi roman","He is reading a funny comic. Komik bir çizgi roman okuyor."
"A1 2 M","comic book","noun","çizgi roman kitabı","She bought a new comic book. Yeni bir çizgi roman kitabı aldı."
"A1 2 M","cook","noun + var","aşçı / yemek pişirmek","My father likes to cook dinner. Babam akşam yemeği pişirmeyi sever."
"A1 2 M","cough","noun","öksürük","He has a bad cough today. Bugün şiddetli bir öksürüğü var."
"A1 2 M","could (as in past of can)","verb","-ebildi (can kelimesinin geçmiş zamanı)","He could swim when he was five. Beş yaşındayken yüzebiliyordu."
"A1 2 M","country","noun","ülke","France is a European country. Fransa bir Avrupa ülkesidir."
"A1 2 M","countryside","noun","kırsal bölge, doğa","They live in the countryside. Kırsal bölgede yaşıyorlar."
"A1 2 M","cry","verb","ağlamak","The baby started to cry. Bebek ağlamaya başladı."
"A1 2 M","cup","noun","fincan, kupa","She gave me a cup of tea. Bana bir fincan çay verdi."
"A1 2 M","curly","adjective","kıvırcık","She has short curly hair. Kısa kıvırcık saçları var."
"A1 2 M","Daisy","noun","özel isim (Daisy)","Daisy is playing with her kitten. Daisy kedisiyle oynuyor."
"A1 2 M","dance","noun + verb","dans / dans etmek","They love to dance at parties. Partilerde dans etmeyi severler."
"A1 2 M","dangerous","adjective","tehlikeli","Swimming here is dangerous. Burada yüzmek tehlikelidir."
"A1 2 M","daughter","noun","kız evlat, kız çocuk","They have two sons and a daughter. İki oğulları ve bir kızları var."
"A1 2 M","dentist","noun","diş hekimi","I have an appointment with the dentist. Diş hekimiyle randevum var."
"A1 2 M","diffcult","adjective","zor, güç","This math question is difficult. Bu matematik sorusu zor."
"A1 2 M","difference","noun","fark","Can you spot the difference? Farkı bulabilir misin?"
"A1 2 M","different","adjective","farklı","We have different opinions. Farklı görüşlerimiz var."
"A1 2 M","doctor","noun","doktor","She went to see a doctor. Doktora görünmeye gitti."
"A1 2 M","dolphin","noun","yunus","We saw dolphins swimming in the sea. Denizde yüzen yunuslar gördük."
"A1 2 M","down","adv + prep","aşağı, aşağıya","He walked down the stairs. Merdivenlerden aşağıya yürüdü."
"A1 2 M","downstairs","adv + n","alt kat, alt kata","Go downstairs and open the door. Alt kata in ve kapıyı aç."
"A1 2 M","dream","noun + var","rüya, hayal / rüya görmek","I had a strange dream last night. Dün gece tuhaf bir rüya gördüm."
"A1 2 M","dress up","verb","kostüm giymek, kılık değiştirmek","Children love to dress up at parties. Çocuklar partilerde kostüm giymeyi sever."
"A1 2 M","drive","noun","araba gezisi","Let's go for a drive in the country. Kırsalda bir araba gezisine çıkalım."
"A1 2 M","driver","noun","sürücü, şoför","The bus driver was very polite. Otobüs şoförü çok kibardı."
"A1 2 M","drop","verb","düşürmek","He dropped his phone on the floor. Telefonunu yere düşürdü."
"A1 2 M","dry","adj + verb","kuru / kurutmak","Wipe your hands with a dry towel. Ellerini kuru bir havluyla sil."
"A1 2 M","DVD","noun","DVD","We watched a movie on DVD. DVD'de bir film izledik."
"A1 2 M","earache","noun","kulak ağrısı","He couldn't sleep because of an earache. Kulak ağrısı yüzünden uyuyamadı."
"A1 2 M","easy","adjective","kolay","This test was very easy. Bu test çok kolaydı."
"A1 2 M","e-book","noun","e-kitap","I prefer reading e-books on my tablet. Tabletimde e-kitap okumayı tercih ederim."
"A1 2 M","elevator (UK lift)","noun","asansör","Take the elevator to the fifth floor. Beşinci kata asansörle çık."
"A1 2 M","email","noun + verb","e-posta / e-posta göndermek","I sent an email to my teacher. Öğretmenime bir e-posta gönderdim."
"A1 2 M","every","determiner","her","Every student has a book. Her öğrencinin bir kitabı var."
"A1 2 M","everyone","pronoun","herkes","Everyone enjoyed the party. Herkes partiden keyif aldı."
"A1 2 M","everything","pronoun","her şey","Everything is ready for the trip. Gezi için her şey hazır."
"A1 2 M","exciting","adjective","heyecan verici","It was an exciting football match. Heyecan verici bir futbol maçıydı."
"A1 2 M","excuse me","discourse","afedersiniz, bakar mısınız","Excuse me, where is the station? Afedersiniz, istasyon nerede?"
"A1 2 M","fair","adjective","adil, adaletli","The teacher made a fair decision. Öğretmen adil bir karar verdi."
"A1 2 M","fall","verb","düşmek","He fell off his bike and hurt his arm. Bisikletinden düşüp kolunu incitti."
"A1 2 M","famous","adjective","ünlü, tanınmış","Tarkan is a very famous singer. Tarkan çok ünlü bir şarkıcıdır."
"A1 2 M","farm","noun","çiftlik","Cows and sheep live on the farm. Çiftlikte inekler ve koyunlar yaşar."
"A1 2 M","farmer","noun","çiftçi","The farmer works hard all day. Çiftçi bütün gün çok çalışır."
"A1 2 M","fat","adjective","şişman, kilolu","The cat is a bit fat. Kedi biraz şişman."
"A1 2 M","feed","verb","beslemek","It's time to feed the dog. Köpeği besleme zamanı."
"A1 2 M","feld","noun","tarla, saha","The cows are grazing in the field. İnekler tarlada otluyor."
"A1 2 M","first","adj + adv","birinci, ilk","He finished the race first. Yarışı birinci bitirdi."
"A1 2 M","fish","verb","balık tutmak","They went fishing by the lake. Göl kenarında balık tutmaya gittiler."
"A1 2 M","fix","verb","tamir etmek","He is trying to fix his bike. Bisikletini tamir etmeye çalışıyor."
"A1 2 M","flm (US movie)","noun + var","film / film çekmek","We watched a great film last night. Dün gece harika bir film izledik."
"A1 2 M","flm (US movie) star","noun","film yıldızı","He wants to become a film star. Bir film yıldızı olmak istiyor."
"A1 2 M","ﬂoor (e.g. ground, 1st)","noun","kat (örneğin zemin kat, 1. kat)","Our office is on the first floor. Ofisimiz birinci kattadır."
"A1 2 M","ﬂy","noun","karasinek","A fly landed on my desk. Masamın üzerine bir karasinek kondu."
"A1 2 M","fne","adj + exclamation","iyi, güzel, hoş","I am fine, thank you. İyiyim, teşekkür ederim."
"A1 2 M","for ability","verb","-ebilme yeteneği için","She can speak English fluently. Akıcı bir şekilde İngilizce konuşabiliyor."
"A1 2 M","forest","noun","orman","Many animals live in the deep forest. Derin ormanda birçok hayvan yaşar."
"A1 2 M","Fred","noun","özel isim (Fred)","Fred has a new bicycle. Fred'in yeni bir bisikleti var."
"A1 2 M","Friday","noun","cuma","We have a test on Friday. Cuma günü bir sınavımız var."
"A1 2 M","frightened","adjective","korkmuş","The little boy was frightened of the dog. Küçük çocuk köpekten korkmuştu."
"A1 2 M","funfair","noun","lunapark","We had a lot of fun at the funfair. Lunaparkta çok eğlendik."
"A1 2 M","get dressed","verb","giyinmek","He woke up and got dressed quickly. Uyanıp çabucak giyindi."
"A1 2 M","get off","verb","inmek (araçtan)","Get off the bus at the next stop. Sonraki durakta otobüsten in."
"A1 2 M","get on","verb","binmek (araca)","Get on the train quickly. Hızlıca trene bin."
"A1 2 M","get undressed","verb","soyunmak","He got undressed before going to bed. Yatmadan önce soyundu."
"A1 2 M","get up","verb","kalkmak (yataktan)","I usually get up at seven o'clock. Genellikle saat yedi de kalkarım."
"A1 2 M","glass","noun","bardak, cam","He drank a glass of milk. Bir bardak süt içti."
"A1 2 M","go shopping","verb","alışverişe gitmek","She went shopping with her mother. Annemizle alışverişe gitti."
"A1 2 M","goal","noun","gol, amaç","He scored a brilliant goal. Harika bir gol attı."
"A1 2 M","granddaughter","noun","kız torun","They love playing with their granddaughter. Kız torunlarıyla oynamayı severler."
"A1 2 M","grandparent","noun","büyükanne veya büyükbaba","His grandparents live in a village. Büyükannesi ve büyükbabası bir köyde yaşıyor."
"A1 2 M","grandson","noun","erkek torun","Their grandson is visiting them. Erkek torunları onları ziyaret ediyor."
"A1 2 M","grass","noun","çim, çimen","The grass in the garden is green. Bahçedeki çimler yeşildir."
"A1 2 M","ground","noun","yer, zemin","He dropped his keys on the ground. Anahtarlarını yere düşürdü."
"A1 2 M","grow","verb","büyümek, yetiştirmek","Plants grow with water and sunlight. Bitkiler su ve güneş ışığıyla büyür."
"A1 2 M","grown-up","noun","yetişkin","Grown-ups work hard every day. Yetişkinler her gün çok çalışır."
"A1 2 M","have (got) to","verb","zorunda olmak","I have to finish my homework. Ödevimi bitirmek zorundayım."
"A1 2 M","headache","noun","baş ağrısı","She went home because of a headache. Baş ağrısı yüzünden eve gitti."
"A1 2 M","helmet","noun","kask","Always wear a helmet when riding a bike. Bisiklet sürerken her zaman kask tak."
"A1 2 M","help","verb","yardım etmek","Can you help me with this box? Bu kutuda bana yardım edebilir misin?"
"A1 2 M","hide","verb","saklanmak, gizlemek","The children are playing hide and seek. Çocuklar saklambaç oynuyor."
"A1 2 M","holiday","noun","tatil","We are going to Antalya for our holiday. Tatilimiz için Antalya'ya gidiyoruz."
"A1 2 M","homework","noun","ev ödevi","I always do my homework after school. Okuldan sonra her zaman ödevimi yaparım."
"A1 2 M","hop","verb","tek ayak üzerinde zıplamak","The children hopped across the room. Çocuklar odada zıplayarak ilerledi."
"A1 2 M","hospital","noun","hastane","The doctor works at the city hospital. Doktor şehir hastanesinde çalışıyor."
"A1 2 M","hot","adjective","sıcak","Be careful, the soup is very hot. Dikkat et, çorba çok sıcak."
"A1 2 M","how","adverb","nasıl","How do you make this cake? Bu keki nasıl yaparsın?"
"A1 2 M","how much","adv + int","ne kadar (fiyat/miktar)","How much does this book cost? Bu kitap ne kadar?"
"A1 2 M","how often","adv + int","ne sıklıkla","How often do you play tennis? Ne sıklıkla tenis oynarsın?"
"A1 2 M","huge","adjective","kocaman, devasa","An elephant is a huge animal. Fil devasa bir hayvandır."
"A1 2 M","hundred","noun","yüz (sayı)","There are one hundred pages in the book. Kitapta yüz sayfa var."
"A1 2 M","hungry","adjective","aç","I am very hungry, let's eat lunch. Çok açım, hadi öğle yemeği yiyelim."
"A1 2 M","hurt","verb","incitmek, acıtmak","He fell down and hurt his knee. Düşüp dizini incitti."
"A1 2 M","ice","noun","buz","Put some ice in my drink. İçeceğime biraz buz koy."
"A1 2 M","ice skates","noun","buz pateni (ayakkabısı)","He bought a new pair of ice skates. Yeni bir çift buz pateni aldı."
"A1 2 M","ice skating","noun","buz pateni yapma","We went ice skating in winter. Kışın buz pateni yapmaya gittik."
"A1 2 M","idea","noun","fikir","That is a very good idea. Bu çok iyi bir fikir."
"A1 2 M","ill","adjective","hasta","She stayed in bed because she was ill. Hasta olduğu için yatakta kaldı."
"A1 2 M","inside","adv + n + prep","içeride, içeri","It's raining outside, let's go inside. Dışarıda yağmur yağıyor, içeri girelim."
"A1 2 M","internet","noun","internet","I found this information on the internet. Bu bilgiyi internette buldum."
"A1 2 M","into","preposition","içeriye, içine","He went into his bedroom. Yatak odasına girdi."
"A1 2 M","invite","verb","davet etmek","They invited us to their party. Bizi partilerine davet ettiler."
"A1 2 M","island","noun","ada","They spent their holiday on a small island. Tatillerini küçük bir adada geçirdiler."
"A1 2 M","Jack","noun","özel isim (Jack)","Jack is playing football with his friends. Jack arkadaşlarıyla futbol oynuyor."
"A1 2 M","Jane","noun","özel isim (Jane)","Jane likes reading books in the library. Jane kütüphanede kitap okumayı sever."
"A1 2 M","Jim","noun","özel isim (Jim)","Jim has a fast red car. Jim'in hızlı kırmızı bir arabası var."
"A1 2 M","Julia","noun","özel isim (Julia)","Julia is studying English grammar. Julia İngilizce grameri çalışıyor."
"A1 2 M","jungle","noun","orman, cangıl","Monkeys live in the tropical jungle. Maymunlar tropikal ormanda yaşar."
"A1 2 M","kangaroo","noun","kanguru","A kangaroo can jump very far. Kanguru çok uzağa zıplayabilir."
"A1 2 M","kick","noun","tekme, vuruş","He scored with a powerful kick. Güçlü bir vuruşla gol attı."
"A1 2 M","kind","noun","tür, çeşit","What kind of music do you like? Ne tür müzik seversin?"
"A1 2 M","kitten","noun","kedi yavrusu","The playful kitten is chasing a ball. Oyuncu kedi yavrusu bir topu kovalıyor."
"A1 2 M","lake","noun","göl","We went swimming in the cool lake. Serin gölde yüzmeye gittik."
"A1 2 M","laptop","noun","dizüstü bilgisayar","I carry my laptop in a backpack. Dizüstü bilgisayarımı sırt çantamda taşıyorum."
"A1 2 M","last","adj + adv","geçen, son","I saw him last week. Onu geçen hafta gördüm."
"A1 2 M","laugh","noun + verb","gülüş / gülmek","His funny joke made everyone laugh. Komik şakası herkesi güldürdü."
"A1 2 M","leaf/leaves","noun","yaprak / yapraklar","Trees lose their leaves in autumn. Ağaçlar sonbaharda yapraklarını döker."
"A1 2 M","library","noun","kütüphane","I borrowed three books from the library. Kütüphaneden üç kitap ödünç aldım."
"A1 2 M","lift (US elevator)","noun","asansör","Take the lift to reach the third floor. Üçüncü kata ulaşmak için asansörü kullan."
"A1 2 M","Lily","noun","özel isim (Lily)","Lily has a beautiful white cat. Lily'nin güzel bir beyaz kedisi var."
"A1 2 M","lion","noun","aslan","The lion is known as the king of the jungle. Aslan ormanın kralı olarak bilinir."
"A1 2 M","little","adj + det","küçük, az","He has a little dog. Küçük bir köpeği var."
"A1 2 M","look for","verb","aramak","I am looking for my lost keys. Kayıp anahtarlarımı arıyorum."
"A1 2 M","lose","verb","kaybetmek","Don't lose your passport. Pasaportunu kaybetme."
"A1 2 M","loud","adjective","gürültülü, sesli","Please don't speak in a loud voice. Lütfen yüksek sesle konuşma."
"A1 2 M","loudly","adverb","yüksek sesle","He shouted loudly for help. Yüksek sesle yardım için bağırdı."
"A1 2 M","machine","noun","makine","This washing machine works very well. Bu çamaşır makinesi çok iyi çalışıyor."
"A1 2 M","map","noun","harita","Look at the city map to find the way. Yolu bulmak için şehir haritasına bak."
"A1 2 M","market","noun","pazar, market","We bought fresh fruit at the market. Pazardan taze meyve aldık."
"A1 2 M","Mary","noun","özel isim (Mary)","Mary plays the piano every afternoon. Mary her öğleden sonra piyano çalar."
"A1 2 M","matter","noun","mesele, sorun","What is the matter with you? Neyin var?"
"A1 2 M","mean","verb","anlamına gelmek","What does this word mean? Bu kelime ne anlama geliyor?"
"A1 2 M","message","noun","mesaj","I received a text message from my friend. Arkadaşımdan kısa bir mesaj aldım."
"A1 2 M","milkshake","noun","mİlksheyk","She ordered a chocolate milkshake. Çikolatalı milkshaker sipariş etti."
"A1 2 M","mistake","noun","hata","Everyone makes mistakes sometimes. Herkes bazen hata yapar."
"A1 2 M","model","noun","model, maket","He built a model of an airplane. Bir uçak maketi yaptı."
"A1 2 M","Monday","noun","pazartesi","We start work early on Monday. Pazartesi günleri işe erken başlarız."
"A1 2 M","moon","noun","ay","The moon shines brightly at night. Ay geceleri parıl parıl parlar."
"A1 2 M","more","adv + det + pron","daha fazla","I want to learn more English. Daha fazla İngilizce öğrenmek istiyorum."
"A1 2 M","most","adv + det + pron","en çok, çoğu","Most students like summer holidays. Öğrencilerin çoğu yaz tatilini sever."
"A1 2 M","mountain","noun","dağ","They climbed up the high mountain. Yüksek dağa tırmandılar."
"A1 2 M","moustache","noun","bıyık","He has a nice dark moustache. Hoş koyu bir bıyığı var."
"A1 2 M","move","verb","taşınmak, hareket etmek","They moved to a new house last month. Geçen ay yeni bir eve taşındılar."
"A1 2 M","movie (UK flm)","noun","film","We watched an exciting movie last night. Dün gece heyecan verici bir film izledik."
"A1 2 M","must","verb","meli, malı (zorunluluk)","You must finish your homework now. Ödevini şimdi bitirmelisin."
"A1 2 M","naughty","adjective","yaramaz","The naughty puppy chewed my shoe. Yaramaz köpek yavrusu ayakkabımı çiğnedi."
"A1 2 M","near","adv + prep","yakınında","Our house is near the school. Evimiz okula yakın."
"A1 2 M","neck","noun","boyun","He wears a scarf around his neck. Boynuna bir atkı takıyor."
"A1 2 M","need","verb","ihtiyacı olmak","I need some help with this task. Bu görev için biraz yardıma ihtiyacım var."
"A1 2 M","net","noun","file, ağ","The ball went straight into the net. Top doğrudan fileye gitti."
"A1 2 M","never","adverb","asla","I have never been to London. Asla Londra'da bulunmadım."
"A1 2 M","noise","noun","gürültü","Please stop making that noise. Lütfen o gürültüyü yapmayı kes."
"A1 2 M","noodles","noun","erişte, noodle","I like eating Asian noodles. Asya usulü noodle yemeyi severim."
"A1 2 M","nothing","pronoun","hiçbir şey","There is nothing in the box. Kutuda hiçbir şey yok."
"A1 2 M","nurse","noun","hemşire","The nurse helped the sick man. Hemşire hasta adamaya yardım etti."
"A1 2 M","o’clock","adverb","saat (tam saatler için)","The meeting starts at two o'clock. Toplantı saat ikide başlıyor."
"A1 2 M","off","adv + prep","uzakta, üzerinden","Take your wet jacket off. Islak ceketini çıkar."
"A1 2 M","often","adverb","sık sık","How often do you visit your parents? Ailenizi ne sıklıkla ziyaret edersiniz?"
"A1 2 M","on","adv + prep of time","üzerinde / de (zaman)","My birthday is on Monday. Doğum günüm pazartesi günü."
"A1 2 M","only","adverb","sadece, yalnızca","I have only one brother. Sadece bir erkek kardeşim var."
"A1 2 M","opposite","preposition","karşısında","The post office is opposite the bank. Postane bankanın karşısındadır."
"A1 2 M","out","adverb","dışarı, dışarıda","He went out for a walk. Yürüyüş için dışarı çıktı."
"A1 2 M","out of","preposition","dışına, içinden","He took a book out of his bag. Çantasından bir kitap çıkardı."
"A1 2 M","outside","adv + n + prep","dışarıda, dışarı","It is cold outside, wear a coat. Dışarısı soğuk, mont giy."
"A1 2 M","pair","noun","çift","I bought a new pair of shoes. Yeni bir çift ayakkabı satın aldım."
"A1 2 M","pancake","noun","pankek","Mom made delicious pancakes for breakfast. Anne kahvaltı için lezzetli pankekler yaptı."
"A1 2 M","panda","noun","panda","The giant panda eats bamboo. Dev panda bambu yer."
"A1 2 M","parent","noun","ebeveyn (anne veya baba)","Every student should respect their parents. Her öğrenci ebeveynlerine saygı duymalıdır."
"A1 2 M","parrot","noun","papağan","The colourful parrot can speak words. Renkli papağan kelimeler konuşabilir."
"A1 2 M","party","noun","parti","We are organizing a birthday party. Bir doğum günü partisi organize ediyoruz."
"A1 2 M","pasta","noun","makarna","I love eating Italian pasta. İtalyan makarnası yemeyi çok severim."
"A1 2 M","Paul","noun","özel isim (Paul)","Paul plays tennis every Sunday. Paul her pazar tenis oynar."
"A1 2 M","penguin","noun","penguen","Penguins live in cold regions. Penguenler soğuk bölgelerde yaşar."
"A1 2 M","Peter","noun","özel isim (Peter)","Peter is my best friend at school. Peter okuldaki en iyi arkadaşımdır."
"A1 2 M","picnic","noun","piknik","We went on a family picnic in spring. Baharda ailece pikniğe gittik."
"A1 2 M","pirate","noun","korsan","The story is about a brave pirate. Hikaye cesur bir korsan hakkındadır."
"A1 2 M","place","noun","yer, mekan","This is a very nice place. Burası çok güzel bir yer."
"A1 2 M","plant","noun + verb","bitki / dikmek","She likes planting flowers in her garden. Bahçesine çiçek dikmeyi sever."
"A1 2 M","plate","noun","tabak","Put the food on the plate. Yemeği tabağa koy."
"A1 2 M","player","noun","oyuncu","He is the best player on the team. Takımdaki en iyi oyuncudur."
"A1 2 M","pool","noun","havuz","We swam in the hotel pool. Otel havuzunda yüzdük."
"A1 2 M","pop star","noun","pop yıldızı","She wants to become a famous pop star. Ünlü bir pop yıldızı olmak istiyor."
"A1 2 M","practice","noun","pratik, alıştırma","Daily practice improves your skills. Günlük pratik becerilerini geliştirir."
"A1 2 M","practise","verb","pratik yapmak, çalışmak","You need to practise speaking English. İngilizce konuşma pratiği yapman gerekiyor."
"A1 2 M","present","noun","hediye","Thank you for the wonderful birthday present. Harika doğum günü hediyesi için teşekkür ederim."
"A1 2 M","pretty","adjective","güzel, sevimli","She is wearing a pretty pink dress. Sevimli bir pembe elbise giyiyor."
"A1 2 M","puppy","noun","köpek yavrusu","The playful puppy is running in the garden. Oyuncu köpek yavrusu bahçede koşuyor."
"A1 2 M","put on","verb","giymek, takmak","Put on your shoes before going out. Çıkmadan önce ayakkabılarını giy."
"A1 2 M","quick","adjective","hızlı","We need to make a quick decision. Hızlı bir karar vermemiz gerekiyor."
"A1 2 M","quickly","adverb","hızlıca","She finished her homework quickly. Ödevini hızlıca bitirdi."
"A1 2 M","quiet","adjective","sessiz","Please keep quiet in the library. Lütfen kütüphanede sessiz olun."
"A1 2 M","quietly","adverb","sessizce","He entered the room quietly. Odaya sessizce girdi."
"A1 2 M","rabbit","noun","tavşan","A rabbit likes eating carrots. Bir tavşan havuç yemeyi sever."
"A1 2 M","rain","noun + verb","yağmur / yağmak","It started to rain heavily. Şiddetli bir şekilde yağmur yağmaya başladı."
"A1 2 M","rainbow","noun","gökkuşağı","We saw a colorful rainbow after the rain. Yağmurdan sonra renkli bir gökkuşağı gördük."
"A1 2 M","ride","noun","gezinti, biniş","Let's go for a bike ride. Bisiklet gezintisine çıkalım."
"A1 2 M","river","noun","nehir, çay","The river flows through the city. Nehir şehrin içinden akıyor."
"A1 2 M","road","noun","yol","The road to the village is narrow. Köye giden yol dardır."
"A1 2 M","rock","noun","kaya","He sat down on a large rock. Büyük bir kayanın üzerine oturdu."
"A1 2 M","roller skates","noun","paten","She received roller skates for her birthday. Doğum gününde paten aldı."
"A1 2 M","roller skating","noun","paten sürme","Roller skating is a fun outdoor activity. Paten sürmek eğlenceli bir açık hava aktivitesidir."
"A1 2 M","roof","noun","çatı","The cat is walking on the roof. Kedi çatıda yürüyor."
"A1 2 M","round","adj + adv + prep","yuvarlak / etrafında","The earth is round. Dünya yuvarlaktır."
"A1 2 M","safe","adjective","güvenli","It is a safe place for children. Çocuklar için güvenli bir yerdir."
"A1 2 M","sail","noun + var","yelken açmak / yelken","They went sailing on the lake. Göl üzerinde yelken açmaya gittiler."
"A1 2 M","salad","noun","salata","I eat a fresh green salad every day. Her gün taze yeşil salata yerim."
"A1 2 M","Sally","noun","özel isim (Sally)","Sally likes reading books in her room. Sally odasında kitap okumayı sever."
"A1 2 M","sandwich","noun","sandviç","I ate a cheese sandwich for lunch. Öğle yemeğinde peynirli sandviç yedim."
"A1 2 M","Saturday","noun","cumartesi","We don't go to school on Saturday. Cumartesi günleri okula gitmiyoruz."
"A1 2 M","sauce","noun","sos","This tomato sauce is very delicious. Bu domates sosu çok lezzetli."
"A1 2 M","scarf","noun","atkı, şal","She is wearing a red woolen scarf. Kırmızı yünlü bir atkı takıyor."
"A1 2 M","score","verb","skor yapmak, gol atmak","He scored two goals in the match. Maçta iki gol attı."
"A1 2 M","seat","noun","koltuk, oturacak yer","Please take your seat, the class is starting. Lütfen yerinize oturun, ders başlıyor."
"A1 2 M","second","adj + adv","ikinci / saniye","He came in second in the race. Yarışta ikinci geldi."
"A1 2 M","send","verb","göndermek","I sent an email to my boss. Patronuma bir e-posta gönderdim."
"A1 2 M","shall","verb","-elim / -elim mi (öneri kipi)","Shall we go for a walk? Yürüyüşe çıkalım mı?"
"A1 2 M","shape","noun","şekil","Draw a geometric shape on the paper. Kağıda geometrik bir şekil çiz."
"A1 2 M","shark","noun","köpekbalığı","We saw a big shark in the aquarium. Akvaryumda büyük bir köpekbalığı gördük."
"A1 2 M","shop","verb","alışveriş yapmak","She likes to shop at the weekend. Hafta sonu alışveriş yapmayı sever."
"A1 2 M","shopping centre","noun","alışveriş merkezi","We spent the afternoon at the shopping centre. Alışveriş merkezinde öğleden sonra geçirdik."
"A1 2 M","shopping","noun","alışveriş","I need to do some grocery shopping. Biraz market alışverişi yapmam gerekiyor."
"A1 2 M","shoulder","noun","omuz","He carried the bag on his shoulder. Çantayı omuzunda taşıdı."
"A1 2 M","shout","verb","bağırmak","Don't shout at me, please. Lütfen bana bağırma."
"A1 2 M","shower","noun","duş","I take a cold shower in the morning. Sabahları soğuk duş alırım."
"A1 2 M","sick","adjective","hasta","He stayed at home because he was sick. Hasta olduğu için evde kaldı."
"A1 2 M","skate","noun + verb","paten / paten yapmak","He loves to skate in winter. Kışın paten yapmayı çok sever."
"A1 2 M","skip","verb","ip atlamak","Children are skipping in the yard. Avluda çocuklar ip atlıyor."
"A1 2 M","sky","noun","gökyüzü","The sky is clear and blue today. Bugün gökyüzü açık ve mavi."
"A1 2 M","slow","adjective","yavaş","The traffic is very slow today. Trafik bugün çok yavaş."
"A1 2 M","slowly","adverb","yavaşça","Please speak more slowly. Lütfen daha yavaş konuş."
"A1 2 M","snail","noun","salyangoz","A snail moves very slowly. Bir salyangoz çok yavaş hareket eder."
"A1 2 M","snow","noun + var","kar / kar yağmak","It started to snow in the morning. Sabah kar yağmaya başladı."
"A1 2 M","someone","pronoun","biri, birisi","Someone is knocking on the door. Kapıyı biri çalıyor."
"A1 2 M","something","pronoun","bir şey","I want to tell you something important. Sana önemli bir şey söylemek istiyorum."
"A1 2 M","sometimes","adverb","bazen","Sometimes I drink tea in the evening. Bazen akşamları çay içerim."
"A1 2 M","son","noun","oğul, erkek evlat","They have two sons and a daughter. İki oğulları ve bir kızları var."
"A1 2 M","soup","noun","çorba","I like drinking hot tomato soup. Sıcak domates çorbası içmeyi severim."
"A1 2 M","sports centre","noun","spor merkezi","We play tennis at the sports centre. Spor merkezinde tenis oynarız."
"A1 2 M","square","adj + n","kare / meydan","They met at the main city square. Ana şehir meydanında buluştular."
"A1 2 M","stair(s)","noun","merdiven","He walked up the stairs carefully. Merdivenlerden dikkatlice çıktı."
"A1 2 M","star","noun","yıldız","The night sky is full of stars. Gece gökyüzü yıldızlarla dolu."
"A1 2 M","station","noun","istasyon","We waited for the train at the station. Trende istasyonda bekledik."
"A1 2 M","stomach","noun","mide","He had a pain in his stomach. Mikesinde bir ağrı vardı."
"A1 2 M","stomach-ache","noun","karın ağrısı, mide ağrısı","Eating too much candy gives you a stomach-ache. Çok fazla şeker yemek karın ağrısı yapar."
"A1 2 M","straight","adjective","düz","Walk straight down this street. Bu sokak boyunca düz yürü."
"A1 2 M","strong","adjective","güçlü, kuvvetli","He is a very strong athlete. O çok güçlü bir spordur."
"A1 2 M","Sunday","noun","pazar","We usually visit our grandparents on Sunday. Genellikle pazar günü büyükannemizi ziyarete gideriz."
"A1 2 M","sunny","adjective","güneşli","It is a bright and sunny day. Parlak ve güneşli bir gün."
"A1 2 M","supermarket","noun","süpermarket","We bought food at the supermarket. Süpermarketten yiyecek satın aldık."
"A1 2 M","surprised","adjective","şaşırmış","She looked surprised when she saw the gift. Hediyeyi gördüğünde şaşırmış görünüyordu."
"A1 2 M","sweater","noun","kazak","Put on a woolen sweater, it's cold. Yün bir kazak giy, hava soğuk."
"A1 2 M","sweet","adjective","tatlı","This apple is very sweet and juicy. Bu elma çok tatlı ve sulu."
"A1 2 M","swim","noun","yüzme","Let's go for a swim in the pool. Havuzda yüzmeye gidelim."
"A1 2 M","swimming pool","noun","yüzme havuzu","Children are swimming in the pool. Çocuklar havuzda yüzüyor."
"A1 2 M","swimsuit","noun","mayo","She bought a new blue swimsuit. Yeni bir mavi mayo satın aldı."
"A1 2 M","take","verb","almak","Take your umbrella, it might rain. Şemsiyeni al, yağmur yağabilir."
"A1 2 M","take off (i.e. get)","verb","çıkarmak (giysi vb.)","Take off your wet shoes. Islak ayakkabılarını çıkar."
"A1 2 M","tall","adjective","uzun boylu","He is the tallest boy in our class. O sınıfımızdaki en uzun boylu çocuktur."
"A1 2 M","tea","noun","çay","I like drinking hot black tea. Sıcak siyah çay içmeyi severim."
"A1 2 M","teach","verb","öğretmek","She teaches English at a high school. Bir lisede İngilizce öğretiyor."
"A1 2 M","temperature","noun","sıcaklık, ateş","The temperature outside is very low. Dışarıdaki sıcaklık çok düşük."
"A1 2 M","terrible","adjective","korkunç, berbat","We had terrible weather during our holiday. Tatilimizde berbat bir hava vardı."
"A1 2 M","text","noun + verb","metin / mesaj atmak","Send me a text message later. Bana daha sonra bir kısa mesaj at."
"A1 2 M","than","conj + prep","-den daha (karşılaştırma)","My car is faster than yours. Benim arabam seninkinden daha hızlı."
"A1 2 M","then","adverb","o zaman, o sırada","I was busy then. O sırada meşguldüm."
"A1 2 M","thin","adjective","ince, zayıf","He is wearing a thin cotton shirt. İnce pamuklu bir gömlek giyiyor."
"A1 2 M","think","verb","düşünmek","What do you think about this plan? Bu plan hakkında ne düşünüyorsun?"
"A1 2 M","third","adj + adv","üçüncü","He finished the race in third place. Yarışı üçüncü sırada bitirdi."
"A1 2 M","thirsty","adjective","susamış","Running makes me very thirsty. Koşmak beni çok susatıyor."
"A1 2 M","Thursday","noun","perşembe","Our next English test is on Thursday. Sonraki İngilizce sınavımız perşembe günü."
"A1 2 M","ticket","noun","bilet","I bought two cinema tickets. İki sinema bileti satın aldım."
"A1 2 M","tired","adjective","yorgun","I am very tired after working all day. Bütün gün çalıştıktan sonra çok yorgunum."
"A1 2 M","tooth/teeth","noun","diş / dişler","Brush your teeth twice a day. Dişlerini günde iki kez fırçala."
"A1 2 M","toothache","noun","diş ağrısı","He went to the dentist because of a toothache. Diş ağrısı yüzünden diş hekimine gitti."
"A1 2 M","toothbrush","noun","diş fırçası","Don't forget to pack your toothbrush. Diş fırçanı koymayı unutma."
"A1 2 M","toothpaste","noun","diş macunu","Put some toothpaste on your brush. Fırçana biraz diş macunu sür."
"A1 2 M","top","adj + n","en üst, üst kısım","Put the box on the top shelf. Kutuyu en üst rafa koy."
"A1 2 M","towel","noun","havlu","Dry your hands with a clean towel. Ellerini temiz bir havluyla kurula."
"A1 2 M","town","noun","kasaba, şehir","They live in a quiet country town. Sakin bir kasabada yaşıyorlar."
"A1 2 M","town/city centre","noun","şehir merkezi","We went shopping in the town centre. Kasaba merkezinde alışveriş yaptık."
"A1 2 M","tractor","noun","traktör","The farmer is driving a tractor in the field. Çiftçi tarlada traktör sürüyor."
"A1 2 M","travel","verb","seyahat etmek","I love to travel around the world. Dünyayı seyahat etmeyi çok severim."
"A1 2 M","treasure","noun","hazine","The pirates searched for the hidden treasure. Korsanlar gizli hazineyi aradı."
"A1 2 M","trip","noun","gezi, seyahat","We went on a school trip to the museum. Müzeye bir okul gezisine gittik."
"A1 2 M","Tuesday","noun","salı","We have a meeting on Tuesday. Salı günü bir toplantımız var."
"A1 2 M","uncle","noun","amca, dayı","My uncle lives in Germany. Amcam Almanya'da yaşıyor."
"A1 2 M","up","adv + prep","yukarı, yukarıya","He walked up the hill. Tepeye doğru yürüdü."
"A1 2 M","upstairs","adv + n","üst kat, üst kata","My bedroom is upstairs. Yatak odam üst kattadır."
"A1 2 M","vegetable","noun","sebze","Eat fresh vegetables for a healthy life. Sağlıklı bir yaşam için taze sebze ye."
"A1 2 M","Vicky","noun","özel isim (Vicky)","Vicky is playing tennis with her friend. Vicky arkadaşıyla tenis oynuyor."
"A1 2 M","video","noun + var","video / video çekmek","We recorded a funny family video. Komik bir aile videosu kaydettik."
"A1 2 M","village","noun","köy","They live in a small mountain village. Küçük bir dağ köyünde yaşıyorlar."
"A1 2 M","wait","verb","beklemek","Please wait for me here. Lütfen burada beni bekle."
"A1 2 M","wake (up)","verb","uyanmak","I usually wake up at six. Genellikle saat altıda uyanırım."
"A1 2 M","walk","noun","yürüyüş","Let's go for a walk in the park. Parkta bir yürüyüşe çıkalım."
"A1 2 M","wash","noun + var","yıkamak","Wash your hands before dinner. Akşam yemeğinden önce ellerini yıka."
"A1 2 M","water","verb","sulamak","He is watering the flowers in the garden. Bahçedeki çiçekleri suluyor."
"A1 2 M","waterfall","noun","şelale","We saw a beautiful waterfall in the forest. Ormanda güzel bir şelale gördük."
"A1 2 M","wave","noun","dalga","Big waves crashed against the rocks. Büyük dalgalar kayalara çarptı."
"A1 2 M","weak","adjective","zayıf, güçsüz","He felt weak after his illness. Hastalığından sonra kendini zayıf hissetti."
"A1 2 M","weather","noun","hava durumu","The weather is very nice today. Bugün hava çok güzel."
"A1 2 M","website","noun","web sitesi","You can find more info on our website. Web sitemizde daha fazla bilgi bulabilirsin."
"A1 2 M","Wednesday","noun","çarşamba","Our exam is on Wednesday. Sınavımız çarşamba günü."
"A1 2 M","week","noun","hafta","There are seven days in a week. Bir haftada yedi gün vardır."
"A1 2 M","weekend","noun","hafta sonu","What are your plans for the weekend? Hafta sonu için planların neler?"
"A1 2 M","well","adj + adv","iyi bir şekilde, iyi","She speaks English very well. Çok iyi İngilizce konuşuyor."
"A1 2 M","wet","adjective","ıslak","Your jacket is wet from the rain. Yağmurdan dolayı ceketiniz ıslak."
"A1 2 M","whale","noun","balina","We saw a huge whale in the sea. Denizde devasa bir balina gördük."
"A1 2 M","when","adv + conj + int","ne zaman, -dığında","When will you visit us? Bizi ne zaman ziyaret edeceksin?"
"A1 2 M","where","pronoun","nerede","Where did you put my keys? Anahtarlarımı nereye koydun?"
"A1 2 M","which","pronoun","hangi","Which of these books do you want? Bu kitaplardan hangisini istiyorsun?"
"A1 2 M","who","pronoun","kim","Who is knocking on the door? Kapıyı çalan kim?"
"A1 2 M","why","interrogative","neden, niçin","Why are you crying? Neden ağlıyorsun?"
"A1 2 M","wind","noun","rüzgar","A strong wind is blowing outside. Dışarıda güçlü bir rüzgar esiyor."
"A1 2 M","windy","adjective","rüzgarlı","It is too windy to sail today. Bugün yelken açmak için çok rüzgarlı."
"A1 2 M","work","noun + var","çalışmak, iş / çalışmak","My father works in an office. Babam bir ofiste çalışıyor."
"A1 2 M","world","noun","dünya","We live on planet Earth. Dünya gezegeninde yaşıyoruz."
"A1 2 M","worse","adj + adv","daha kötü","His condition became worse today. Durumu bugün daha kötüleşti."
"A1 2 M","worst","adj + adv","en kötü","That was the worst movie I have ever seen. Bu şimdiye kadar gördüğüm en kötü filimdi."
"A1 2 M","would","verb","-erdi, -ardes (kibarlık kipi)","Would you like some tea? Biraz çay ister misin?"
"A1 2 M","wrong","adjective","yanlış","Your answer is completely wrong. Cevabın tamamen yanlış."
"A1 2 M","yesterday","adv + noun","dün","I saw him yesterday at the park. Onu dün parkta gördüm."
"A1 2 M","Zoe","noun","özel isim (Zoe)","Zoe has a nice white cat. Zoe'nin güzel bir beyaz kedisi var."
"A1 3 F","a few","determiner","birkaç","A few friends came to visit me. Birkaç arkadaş beni ziyarete geldi."
"A1 3 F","a little","adv + det","biraz","I need a little help. Biraz yardıma ihtiyacım var."
"A1 3 F","a.m. (for time)","noun","öğleden önce (saatler için)","The train leaves at 8 a.m. Tren sabah saat 8'de kalkıyor."
"A1 3 F","across","preposition","karşıya, karşıdan karşıya","We walked across the street. Caddeden karşıya yürüdük."
"A1 3 F","act","verb","oynamak, davranmak","She acts in school plays. Okul oyunlarında oynuyor."
"A1 3 F","actor","noun","aktör, oyuncu","He wants to become a famous actor. Ünlü bir aktör olmak istiyor."
"A1 3 F","actually","adverb","aslında, gerçekten","Actually, I didn't want to go. Aslında gitmek istemiyordum."
"A1 3 F","adventure","noun","macera","The book is about an exciting adventure. Kitap heyecan verici bir macera hakkındadır."
"A1 3 F","after","adv + conj","sonra","We went home after the movie. Filmden sonra eve gittik."
"A1 3 F","ago","adverb","önce (geçmiş zaman)","I met him two years ago. Onunla iki yıl önce tanıştım."
"A1 3 F","agree","verb","aynı fikirde olmak, katılmak","I agree with your idea. Fikrine katılıyorum."
"A1 3 F","air","noun","hava","Let's open the window for some fresh air. Temiz hava için pencereyi açalım."
"A1 3 F","airport","noun","havaalanı, havalimanı","We took a taxi to the airport. Havaalanına taksiyle gittik."
"A1 3 F","alone","adjective","yalnız","She lives alone in a big house. Büyük bir evde yalnız yaşıyor."
"A1 3 F","already","adverb","zaten, çoktan","I have already finished my homework. Ödevimi çoktan bitirdim."
"A1 3 F","also","adverb","de, da, ayrıca","She speaks English and she also speaks French. İngilizce konuşuyor ve ayrıca Fransızca da konuşuyor."
"A1 3 F","amazing","adj + exclamation","şaşırtıcı, harika","The view from the mountain was amazing. Dağdaki manzara harikaydı."
"A1 3 F","ambulance","noun","ambulans","The injured man was taken by ambulance. Yaralı adam ambulansla alındı."
"A1 3 F","anyone","pronoun","hiç kimse","Is there anyone in the room? Odada kimse var mı?"
"A1 3 F","anything","pronoun","herhangi bir şey","Do you need anything from the shop? Dükkandan bir şey istiyor musun?"
"A1 3 F","anywhere","adverb","herhangi bir yere","I can't find my keys anywhere. Anahtarlarımı hiçbir yerde bulamıyorum."
"A1 3 F","appear","verb","görünmek, ortaya çıkmak","A rainbow appeared after the rain. Yağmurdan sonra bir gökkuşağı belirdi."
"A1 3 F","April","noun","nisan","My birthday is in April. Doğum günüm nisan ayındadır."
"A1 3 F","arrive","verb","varmak, ulaşmak","We arrived at the station on time. İstasyona zamanında vardık."
"A1 3 F","art","noun","sanat","She is studying modern art at college. Üniversitede modern sanat okuyor."
"A1 3 F","artist","noun","sanatçı","Picasso was a famous Spanish artist. Picasso ünlü bir İspanyol sanatçıydı."
"A1 3 F","as","adverb","olarak, gibi","He works as an English teacher. İngilizce öğretmeni olarak çalışıyor."
"A1 3 F","as ... as","adverb","kadar (... -i kadar)","He is as tall as his brother. O da kardeşi kadar uzun boyludur."
"A1 3 F","astronaut","noun","astronot","Neil Armstrong was a famous astronaut. Neil Armstrong ünlü bir astronottu."
"A1 3 F","at the moment","adverb","şu anda","She is busy at the moment. Şu anda meşgul."
"A1 3 F","August","noun","ağustos","We usually go on holiday in August. Genellikle ağustos ayında tatile gideriz."
"A1 3 F","autumn (US fall)","noun","sonbahar","Leaves turn yellow and red in autumn. Sonbaharda yapraklar sarı ve kırmızıya döner."
"A1 3 F","away","adverb","uzakta","He went away on a business trip. İş gezisi için uzağa gitti."
"A1 3 F","backpack (UK rucksack)","noun","sırt çantası","He carries his books in a heavy backpack. Kitaplarını ağır bir sırt çantasında taşıyor."
"A1 3 F","bandage","noun","sargı bezi, yara bandı","The nurse put a bandage on his cut. Hemşire kesiğine bir sargı bezi sardı."
"A1 3 F","bank","noun","banka","I need to go to the bank to get some money. Para çekmek için bankaya gitmem gerekiyor."
"A1 3 F","beetle","noun","böcek","A black beetle crawled on the ground. Yerde siyah bir böcek gezindi."
"A1 3 F","before","adv + conj","önce","I had finished my work before he arrived. O varmadan önce işimi bitirmiştim."
"A1 3 F","begin","verb","başlamak","The concert will begin in ten minutes. Konser on dakika içinde başlayacak."
"A1 3 F","believe","verb","inanmak","I believe that everything will be fine. Her şeyin yoluna gireceğine inanıyorum."
"A1 3 F","belt","noun","kemer","He is wearing a black leather belt. Siyah deri bir kemer takıyor."
"A1 3 F","Betty","noun","özel isim (Betty)","Betty loves reading books in her room. Betty odasında kitap okumayı sever."
"A1 3 F","bicycle","noun","bisiklet","I ride my bicycle to school every day. Her gün okula bisikletimle giderim."
"A1 3 F","bin","noun","çöp kutusu","Throw the waste paper into the bin. Atık kağıdı çöp kutusuna at."
"A1 3 F","biscuit (US cookie)","noun","bisküvi","She ate a chocolate biscuit with tea. Çayla birlikte çikolatalı bir bisküvi yedi."
"A1 3 F","bit","noun","parça, biraz","Can you give me a bit of cake? Bana biraz kek verebilir misin?"
"A1 3 F","bored","adjective","sıkılmış","The children were bored during the long lecture. Uzun konferans sırasında çocuklar sıkıldı."
"A1 3 F","borrow","verb","ödünç almak","Can I borrow your pen, please? Kalemini ödünç alabilir miyim?"
"A1 3 F","bracelet","noun","bilezik","She is wearing a silver bracelet on her wrist. Bileğinde gümüş bir bilezik takıyor."
"A1 3 F","break","verb","kırmak","He fell down and broke his arm. Düşüp kolunu kırdı."
"A1 3 F","bridge","noun","köprü","The old bridge crosses the river. Eski köprü nehrin karşısına geçiyor."
"A1 3 F","broken","adjective","kırık","This chair is broken, we can't use it. Bu sandalye kırık, kullanamayız."
"A1 3 F","brush","noun + var","fırça / fırçalamak","Brush your teeth twice a day. Dişlerini günde iki kez fırçala."
"A1 3 F","burn","verb","yanmak, yakmak","Be careful not to burn your hand on the stove. Sobada elini yakmamaya dikkat et."
"A1 3 F","business","noun","iş, ticaret","He travels a lot on business. İş için çok seyahat ediyor."
"A1 3 F","businessman/woman","noun","iş adamı / iş kadını","She is a successful business woman. O başarılı bir iş kadınıdır."
"A1 3 F","butter","noun","tereyağı","Spread some butter on your bread. Ekmek üzerine biraz tereyağı sür."
"A1 3 F","butterﬂy","noun","kelebek","A colorful butterfly landed on the flower. Çiçeğin üzerine renkli bir kelebek kondu."
"A1 3 F","by myself","adverb","kendi başıma","I finished the project all by myself. Projeyi tamamen kendi başıma bitirdim."
"A1 3 F","by yourself","adverb","kendi başına (sen)","Can you do this task by yourself? Bu görevi kendi başına yapabilir misin?"
"A1 3 F","calendar","noun","takvim","Check the date on the kitchen calendar. Mutfak takviminden tarihe bak."
"A1 3 F","camel","noun","deve","A camel can live in the desert without water. Deve çölde susuz yaşayabilir."
"A1 3 F","camp","verb","kamp yapmak","We went camping in the mountains last summer. Geçen yaz dağlarda kamp yaptık."
"A1 3 F","card","noun","kart","He sent me a birthday card. Bana bir doğum günü kartı gönderdi."
"A1 3 F","cartoon","noun","çizgi film","Children love watching funny cartoons. Çocuklar komik çizgi filmler izlemeyi sever."
"A1 3 F","castle","noun","kale","The old castle stands on the hill. Eski kale tepede duruyor."
"A1 3 F","cave","noun","mağara","They explored the dark underground cave. Karanlık yer altı mağarasını keşfettiler."
"A1 3 F","century","noun","yüzyıl, asır","We live in the twenty-first century. Yirmi birinci yüzyılda yaşıyoruz."
"A1 3 F","cereal","noun","mısır gevreği","I eat cereal with milk for breakfast. Kahvaltıda sütle mısır gevreği yerim."
"A1 3 F","channel","noun","kanal (TV)","Change the TV channel to sports. Televizyon kanalını spor kanalına değiştir."
"A1 3 F","chat","verb","sohbet etmek","We sat at the café and chatted for an hour. Kafede oturup bir saat sohbet ettik."
"A1 3 F","cheap","adjective","ucuz","This jacket is very cheap and nice. Bu ceket çok ucuz ve güzel."
"A1 3 F","chemist(’s)","noun","eczane","I need to buy medicine at the chemist's. Eczaneden ilaç almam gerekiyor."
"A1 3 F","chess","noun","satranç","He plays chess with his grandfather. Büyükbabasıyla satranç oynar."
"A1 3 F","chopsticks","noun","yemek çubuğu (Çin yemekleri için)","Can you eat with chopsticks? Yemek çubuklarıyla yiyebilir misin?"
"A1 3 F","club","noun","kulüp","He joined the school chess club. Okul satranç kulübüne katıldı."
"A1 3 F","collect","verb","toplamak","She collects stamps from different countries. Farklı ülkelerden pul topluyor."
"A1 3 F","college","noun","yüksekokul, kolej","She is studying engineering at college. Üniversitede mühendislik okuyor."
"A1 3 F","comb","noun + var","tarak / taramak","She combed her long hair. Uzun saçlarını taradı."
"A1 3 F","competition","noun","yarışma","He won first prize in the art competition. Resim yarışmasında birincilik ödülü kazandı."
"A1 3 F","concert","noun","konser","We went to a rock music concert last night. Dün gece bir rock müzik konserine gittik."
"A1 3 F","conversation","noun","konuşma, sohbet","We had a long conversation about books. Kitaplar hakkında uzun bir sohbet yaptık."
"A1 3 F","cooker","noun","ocak, fırın (pişirici)","Turn off the gas cooker after cooking. Yemekten sonra gaz ocağını kapat."
"A1 3 F","cookie (UK biscuit)","noun","kurabiye","She baked sweet chocolate cookies. Tatlı çikolatalı kurabiyeler pişirdi."
"A1 3 F","corner","noun","köşe","The shop is on the street corner. Dükkan sokak köşesindedir."
"A1 3 F","costume","noun","kostüm","He wore a funny clown costume to the party. Partiye komik bir palyaço kostümü giydi."
"A1 3 F","could (for possibility)","verb","-ebilir (olasılık)","It could rain later this afternoon, take an umbrella. Öğleden sonra yağmur yağabilir, şemsiye al."
"A1 3 F","creature","noun","yaratık, canlı","Deep sea creatures are very strange. Derin deniz yaratıkları çok tuhaftır."
"A1 3 F","crown","noun","taç","The king wore a golden crown on his head. Kral kafesinde altın bir taç taktı."
"A1 3 F","cushion","noun","minder, yastık","She put a soft cushion on the sofa. Kanepeye yumuşak bir minder koydu."
"A1 3 F","cut","verb","kesmek","Be careful when you cut the paper with scissors. Kağıdı makasla keserken dikkatli ol."
"A1 3 F","cycle","verb","bisiklet sürmek","He cycles to work every morning. Her sabah işe bisikletle gidiyor."
"A1 3 F","dark","adjective","karanlık","It gets dark very early in winter. Kışın hava çok erken kararıyor."
"A1 3 F","date (as in time)","noun","tarih","What is today's date? Bugünün tarihi nedir?"
"A1 3 F","David","noun","özel isim (David)","David is playing tennis with his brother. David kardeşiyle tenis oynuyor."
"A1 3 F","dear (as in Dear Harry)","adjective","sevgili","Dear Harry, I hope you are well. Sevgili Harry, umarım iyisindir."
"A1 3 F","December","noun","aralık (ay)","The year ends in December. Yıl aralık ayında biter."
"A1 3 F","decide","verb","karar vermek","We need to decide where to go for the holiday. Tatil için nereye gideceğimize karar vermeliyiz."
"A1 3 F","deep","adjective","derin","The swimming pool is very deep here. Yüzme havuzu burada çok derindir."
"A1 3 F","delicious","adjective","lezzetli, nefis","Mom cooked a delicious dinner. Anne nefis bir akşam yemeği pişirdi."
"A1 3 F","desert","noun","çöl","Camels can survive in the hot desert. Develer sıcak çölde hayatta kalabilir."
"A1 3 F","design","noun + var","tasarım / tasarlamak","He works as a web page designer. Web sayfası tasarımcısı olarak çalışıyor."
"A1 3 F","designer","noun","tasarımcı","She is a fashion clothes designer. O moda kıyafetler tasarımcısıdır."
"A1 3 F","diary","noun","günlük (ajanda)","She writes down her daily thoughts in her diary. Günlük düşüncelerini günlüğüne yazar."
"A1 3 F","dictionary","noun","sözlük","Look up the new word in the dictionary. Yeni kelimeyi sözlükten bul."
"A1 3 F","dinosaur","noun","dinozor","Dinosaurs lived millions of years ago. Dinozorlar milyonlarca yıl önce yaşadı."
"A1 3 F","disappear","verb","ortadan kaybolmak","The sun disappeared behind the dark clouds. Güneş kara bulutların arkasında kayboldu."
"A1 3 F","drum","noun","davul, bongo","He plays the drums in a rock band. Bir rock grubunda davul çalıyor."
"A1 3 F","during","preposition","sırasında, boyunca","We stayed indoors during the heavy storm. Şiddetli fırtına sırasında içeride kaldık."
"A1 3 F","each","det + pron","her biri","Each student received a small gift. Her öğrencier küçük birer hediye aldı."
"A1 3 F","eagle","noun","kartal","An eagle flew high above the mountains. Bir kartal dağların üzerinde yükseğe uçtu."
"A1 3 F","early","adj + adv","erken","I woke up early this morning. Bu sabah erken uyandım."
"A1 3 F","Earth","noun","dünya (gezegen)","We must protect planet Earth. Dünya gezegenini korumalıyız."
"A1 3 F","east","noun","doğu","The sun rises in the east. Güneş doğudan doğar."
"A1 3 F","elbow","noun","dirsek","He fell down and hurt his elbow. Düşüp dirseğini incitti."
"A1 3 F","else","adverb","başka","Would you like anything else? Başka bir şey ister misin?"
"A1 3 F","Emma","noun","özel isim (Emma)","Emma is reading a book in the garden. Emma bahçede kitap okuyor."
"A1 3 F","empty","adjective","boş","The bottle of water is completely empty. Su şişesi tamamen boştur."
"A1 3 F","end","verb","bitmek, sona ermek","The lesson will end at ten o'clock. Ders saat onda bitecek."
"A1 3 F","engine","noun","motor","The car engine is running smoothly. Araba motoru sorunsuz çalışıyor."
"A1 3 F","engineer","noun","mühendis","My brother works as a computer engineer. Erkek kardeşim bilgisayar mühendisi olarak çalışıyor."
"A1 3 F","enormous","adjective","kocaman, devasa","An elephant is an enormous animal. Fil devasa bir hayvandır."
"A1 3 F","enough","adj + pron","yeterli, yeterince","We have enough food for the party. Parti için yeterli yiyeceğimiz var."
"A1 3 F","enter (a competition)","verb","girmek (yarışmaya vb.)","She decided to enter the art competition. Resim yarışmasına girmeye karar verdi."
"A1 3 F","entrance","noun","giriş","We met at the main entrance of the cinema. Sinemanın ana girişinde buluştuk."
"A1 3 F","envelope","noun","zarf","Put the letter into an envelope and seal it. Mektubu bir zarfa koy ve kapat."
"A1 3 F","environment","noun","çevre, doğa","We must protect our natural environment. Doğal çevremizi korumalıyız."
"A1 3 F","ever","adverb","hiç (hiçbir zaman anlamında)","Have you ever been to London? Hiç Londra'da bulundun mu?"
"A1 3 F","everywhere","adverb","her yer, her yerde","I looked for my keys everywhere. Anahtarlarımı her yerde aradım."
"A1 3 F","excellent","adj + exclamation","mükemmel, harika","Your test result is excellent. Sınav sonucun mükemmel."
"A1 3 F","excited","adjective","heyecanlı","The children are excited about the trip. Çocuklar gezi için heyecanlı."
"A1 3 F","exit","noun","çıkış","Follow the signs to find the fire exit. Yangın çıkışını bulmak için tabelaları takip et."
"A1 3 F","expensive","adjective","pahalı","This leather jacket is very expensive. Bu deri ceket çok pahalı."
"A1 3 F","explain","verb","açıklamak","Can you explain this rule to me? Bu kuralı bana açıklayabilir misin?"
"A1 3 F","explore","verb","keşfetmek","They went out to explore the old town. Eski kasabayı keşfetmeye çıktılar."
"A1 3 F","extinct","adjective","nesli tükenmiş","Dinosaurs are completely extinct animals. Dinozorlar nesli tamamen tükenmiş hayvanlardır."
"A1 3 F","factory","noun","fabrika","He works in a car manufacturing factory. Bir otomobil fabrikasında çalışıyor."
"A1 3 F","fall (UK autumn)","noun","sonbahar","The leaves fall from the trees in fall. Sonbaharda yapraklar ağaçlardan düşer."
"A1 3 F","fall over","verb","yere kapaklanmak, düşmek","He tripped on a stone and fell over. Bir taşa takılıp yere düştü."
"A1 3 F","far","adj + adv","uzak","The station is not far from here. İstasyon buradan uzak değil."
"A1 3 F","fast","adj + adv","hızlı, hızlıca","He can run very fast. Çok hızlı koşabilir."
"A1 3 F","February","noun","şubat","February is the shortest month of the year. Şubat, yılın en kısa ayıdır."
"A1 3 F","feel","verb","hissetmek","I feel much better today. Bugün kendimi çok daha iyi hissediyorum."
"A1 3 F","festival","noun","festival","We attended the annual music festival. Yıllık müzik festivaline katıldık."
"A1 3 F","fetch","verb","gidip getirmek","Go and fetch my coat, please. Git ve montumu getir, lütfen."
"A1 3 F","file (as in open and close a file )","noun","dosya","Save your document as a new file. Belgeni yeni bir dosya olarak kaydet."
"A1 3 F","find out","verb","öğrenmek, ortaya çıkarmak","I want to find out how it works. Nasıl çalıştığını öğrenmek istiyorum."
"A1 3 F","finger","noun","parmak","He cut his finger with a knife. Bıçağıyla parmağını kesti."
"A1 3 F","finish","verb","bitirmek","I need to finish my homework tonight. Ödevimi bu gece bitirmem gerekiyor."
"A1 3 F","fire engine (US fire truck )","noun","itfaiye aracı","A fire engine rushed down the street. Bir itfaiye aracı sokaktan hızla geçti."
"A1 3 F","fire fighter","noun","itfaiyeci","The brave firefighter put out the fire. Cesur itfaiyeci yangını söndürdü."
"A1 3 F","fire","noun","ateş, yangın","They made a warm fire in the garden. Bahçede sıcak bir ateş yaktılar."
"A1 3 F","fire station","noun","itfaiye istasyonu","The fire station is near our school. İtfaiye istasyonu okulunun yakınındadır."
"A1 3 F","ﬂag","noun","bayrak","The national flag waved in the wind. Ulusal bayrak rüzgarda dalgalandı."
"A1 3 F","ﬂashlight (UK torch)","noun","el feneri","Use a flashlight to see in the dark. Karanlıkta görmek için el feneri kullan."
"A1 3 F","ﬂour","noun","un","Mom used flour to bake bread. Anne ekmek pişirmek için un kullandı."
"A1 3 F","fog","noun","sis","Dense fog covered the whole city. Yoğun sis bütün şehri kapladı."
"A1 3 F","foggy","adjective","sisli","It is a cold and foggy morning. Soğuk ve sisli bir sabah."
"A1 3 F","follow","verb","takip etmek","Follow me, I know the way. Beni takip et, yolu biliyorum."
"A1 3 F","for prep of time","preposition","süre boyunca (-dir, -dır)","I have lived here for ten years. On yıldır burada yaşıyorum."
"A1 3 F","forget","verb","unutmak","Don't forget your keys on the table. Anahtarlarını masada unutma."
"A1 3 F","fork","noun","çatal","Eat your salad with a fork. Salatanı çatalla ye."
"A1 3 F","Frank","noun","özel isim (Frank)","Frank is my classmate at school. Frank okuldaki sınıf arkadaşımdır."
"A1 3 F","fridge","noun","buzdolabı","Put the milk back into the fridge. Sütü tekrar buzdolabına koy."
"A1 3 F","friendly","adjective","dost canlısı, samimi","The people in this town are very friendly. Bu kasabadaki insanlar çok samimi."
"A1 3 F","frightening","adjective","korkutucu","The thunderstorm last night was frightening. Dün geceki gök gürültülü fırtına korkutucuydu."
"A1 3 F","front","adj + noun","ön, ön taraf","He sat in the front seat of the car. Arabanın ön koltuğuna oturdu."
"A1 3 F","full","adjective","dolu","The glass is full of water. Bardak su dolu."
"A1 3 F","fur","noun","kürk, post","Polar bears have thick white fur. Kutup ayılarının kalın beyaz kürkü vardır."
"A1 3 F","furry","adjective","tüylü","The little cat is very soft and furry. Küçük kedi çok yumuşak ve tüylüdür."
"A1 3 F","future","noun","gelecek","We all think about our future. Hepimiz geleceğimizi düşünüyoruz."
"A1 3 F","gate","noun","bahçe kapısı, giriş kapısı","Close the garden gate, please. Lütfen bahçe kapısını kapat."
"A1 3 F","geography","noun","coğrafya","We study maps in geography lessons. Coğrafya derslerinde haritalar çalışıyoruz."
"A1 3 F","George","noun","özel isim (George)","George likes playing tennis on Sundays. George pazar günleri tenis oynamayı sever."
"A1 3 F","get to","verb","varmak, ulaşmak","How do you get to school? Okula nasıl ulaşıyorsun?"
"A1 3 F","glass","adjective","camp (sıfat olarak camdan)","He bought a small glass vase. Küçük bir cam vazo satın aldı."
"A1 3 F","glove","noun","eldiven","Wear your woolen gloves in winter. Kışın yün eldivenlerini giy."
"A1 3 F","glue","noun + var","tutkal / yapıştırmak","Use glue to stick the paper parts together. Kağıt parçalarını birbirine yapıştırmak için tutkal kullan."
"A1 3 F","go away","exclamation","git buradan, defol","Go away, I want to be alone. Git buradan, yalnız kalmak istiyorum."
"A1 3 F","go out","verb","dışarı çıkmak","We are going out for dinner tonight. Bu gece akşam yemek için dışarı çıkıyoruz."
"A1 3 F","gold","adj + noun","altın, altından","She is wearing a gold necklace. Altın bir kolye takıyor."
"A1 3 F","golf","noun","golf","He plays golf at the weekend. Hafta sonu golf oynar."
"A1 3 F","group","noun","grup","We worked in groups on the project. Projede gruplar halinde çalıştık."
"A1 3 F","guess","noun + var","tahmin / tahmin etmek","Can you guess what is in the box? Kutunun içinde ne olduğunu tahmin edebilir misin?"
"A1 3 F","gym","noun","spor salonu","I exercise at the gym twice a week. Haftada iki kez spor salonunda egzersiz yaparım."
"A1 3 F","half","adj + noun","yarım, buçuk","Half of the students passed the test. Öğrencilerin yarısı testi geçti."
"A1 3 F","happen","verb","olmak, meydana gelmek","What happened here yesterday? Dün burada ne oldu?"
"A1 3 F","hard","adj + adv","zor, sert / sıkıca","He worked hard to pass the exam. Sınavı geçmek için çok çalıştı."
"A1 3 F","Harry","noun","özel isim (Harry)","Harry is playing football with his friends. Harry arkadaşlarıyla futbol oynuyor."
"A1 3 F","hate","verb","nefret etmek","I hate waking up early in the morning. Sabah erken uyanmaktan nefret ederim."
"A1 3 F","hear","verb","duymak","Can you hear that strange sound? O tuhaf sesi duyabiliyor musun?"
"A1 3 F","heavy","adjective","ağır","This box is too heavy for me to lift. Bu kutu kaldırmam için çok ağır."
"A1 3 F","Helen","noun","özel isim (Helen)","Helen likes reading poetry books. Helen şiir kitapları okumayı sever."
"A1 3 F","high","adjective","yüksek","They climbed up the high mountain. Yüksek dağa tırmandılar."
"A1 3 F","hill","noun","tepe","Our house is built on a small hill. Evimiz küçük bir tepenin üzerine kurulmuştur."
"A1 3 F","history","noun","tarih","We learn about past events in history. Tarihte geçmiş olaylar hakkında bilgi öğreniyoruz."
"A1 3 F","hole","noun","delik","There is a small hole in my sock. Çorabımda küçük bir delik var."
"A1 3 F","Holly","noun","özel isim (Holly)","Holly has a cute little puppy. Holly'nin sevimli küçük bir köpek yavrusu var."
"A1 3 F","honey","noun","bal","Bees make sweet honey. Arılar tatlı bal yapar."
"A1 3 F","hope","verb","umdemek, umut etmek","I hope you will pass your exam. Sınavını geçeceğini umuyorum."
"A1 3 F","horrible","adjective","korkunç, berbat","The weather outside is horrible today. Dışarıdaki hava bugün berbat."
"A1 3 F","hotel","noun","otel","We stayed at a luxury hotel during our holiday. Tatilimiz sırasında lüks bir otelde kaldık."
"A1 3 F","hour","noun","saat (zaman dilimi)","The journey takes about two hours. Yolculuk yaklaşık iki saat sürüyor."
"A1 3 F","how long","adv + int","ne kadar süre","How long does it take to get there? Oraya varmak ne kadar sürüyor?"
"A1 3 F","hurry","verb","acele etmek","Hurry up, we will miss the train. Acele et, treni kaçıracağız."
"A1 3 F","husband","noun","koca, eş","Her husband works as an engineer. Kocası mühendis olarak çalışıyor."
"A1 3 F","if","conjunction","eğer","If it rains, we will stay at home. Eğer yağmur yağarsa, evde kalacağız."
"A1 3 F","if you want","exclamation","istersen","We can go out, if you want. Dışarı çıkabiliriz, istersen."
"A1 3 F","important","adjective","önemli","This is a very important meeting. Bu çok önemli bir toplantıdır."
"A1 3 F","improve","verb","geliştirmek","I want to improve my English skills. İngilizce becerilerimi geliştirmek istiyorum."
"A1 3 F","in a minute","exclamation","bir dakikaya, hemen","I will be ready in a minute. Bir dakikaya hazır olacağım."
"A1 3 F","information","noun","bilgi","You can find useful information online. İnternette yararlı bilgiler bulabilirsin."
"A1 3 F","insect","noun","böcek","There are many small insects in the garden. Bahçede birçok küçük böcek var."
"A1 3 F","instead","adverb","yerine","I drank tea instead of coffee. Kahve yerine çay içtim."
"A1 3 F","instrument","noun","enstrüman, çalgı","He plays a musical instrument very well. Çok iyi bir müzik aleti çalıyor."
"A1 3 F","interested","adjective","ilgili","She is interested in art and history. O sanat ve tarihle ilgileniyor."
"A1 3 F","interesting","adjective","ilginç","This is a very interesting book. Bu çok ilginç bir kitap."
"A1 3 F","invent","verb","icat etmek","Thomas Edison invented the light bulb. Thomas Edison ampulü icat etti."
"A1 3 F","invitation","noun","davetiye","We received an invitation to the party. Partiye bir davetiye aldık."
"A1 3 F","jam","noun","reçel","I like eating strawberry jam for breakfast. Kahvaltıda çilek reçeli yemeyi severim."
"A1 3 F","January","noun","ocak (ay)","January is the first month of the year. Ocak, yılın ilk ayıdır."
"A1 3 F","job","noun","iş, meslek","He loves his new teaching job. Yeni öğretmenlik işini çok seviyor."
"A1 3 F","join (a club)","verb","katılmak (bir kulübe vb.)","She joined the school tennis club. Okul tenis kulübüne katıldı."
"A1 3 F","journalist","noun","gazeteci","The journalist wrote an article about the city. Gazeteci şehir hakkında bir makale yazdı."
"A1 3 F","journey","noun","yolculuk","Our train journey took five hours. Tren yolculuğumuz beş saat sürdü."
"A1 3 F","July","noun","temmuz","We went to the seaside in July. Temmuz ayında deniz kenarına gittik."
"A1 3 F","June","noun","haziran","School finishes at the end of June. Okul haziran sonunda biter."
"A1 3 F","just","adverb","sadece, henüz","I have just finished my work. İşimi henüz bitirdim."
"A1 3 F","Katy","noun","özel isim (Katy)","Katy is reading a book in her room. Katy odasında kitap okuyor."
"A1 3 F","keep","verb","saklamak, tutmak","Keep your room clean and tidy. Odanı temiz ve düzenli tut."
"A1 3 F","key","noun","anahtar","I can't open the door without my key. Anahtarım olmadan kapıyı açamam."
"A1 3 F","kilometre (US kilometer)","noun","kilometre","We walked five kilometres today. Bugün beş kilometre yürüdük."
"A1 3 F","kind","adjective","nazik, kibar","She is a very kind and helpful person. O çok nazik ve yardımsever bir insandır."
"A1 3 F","king","noun","kral","The king ruled the country wisely. Kral ülkeyi bilgelikle yönetti."
"A1 3 F","knee","noun","diz","He fell down and hurt his knee. Düşüp dizini incitti."
"A1 3 F","knife","noun","bıçak","Cut the bread with a sharp knife. Ekmek keskin bir bıçakla kes."
"A1 3 F","land","verb","yere inmek (uçak vb.)","The plane landed safely at the airport. Uçak havaalanına güvenli bir şekilde indi."
"A1 3 F","language","noun","dil, lisan","English is an international language. İngilizce uluslararası bir dildir."
"A1 3 F","large","adjective","geniş, büyük","They live in a large house with a garden. Bahçeli büyük bir evde yaşıyorlar."
"A1 3 F","late","adj + adv","geç","I arrived late for the meeting. Toplantıya geç kaldım."
"A1 3 F","later","adverb","daha sonra","I will call you later this evening. Seni bu akşam daha sonra arayacağım."
"A1 3 F","lazy","adjective","tembel","Don't be lazy, clean your room. Tembel olma, odanı temizle."
"A1 3 F","leave","verb","ayrılmak, terk etmek","We will leave for London tomorrow. Yarın Londra için ayrılacağız."
"A1 3 F","left (as in direction)","adj + noun","sol, sola","Turn left at the next traffic lights. Sonraki trafik ışıklarından sola dön."
"A1 3 F","let","verb","izin vermek","My mother let me go to the party. Annem partiye gitmeme izin verdi."
"A1 3 F","letter (as in mail)","noun","mektup","I received a handwritten letter from my friend. Arkadaşımdan elle yazılmış bir mektup aldım."
"A1 3 F","lie (as in lie down)","verb","uzanmak","I am tired, I will lie down for a while. Yorgunum, biraz uzanacağım."
"A1 3 F","lift (ride)","noun","araçla alma, otostop","Can you give me a lift to the station? İstasyona kadar beni arabayla bırakabilir misin?"
"A1 3 F","lift","verb","kaldırmak","This box is too heavy to lift. Bu kutuyu kaldırmak için çok ağır."
"A1 3 F","light","adj + noun","hafif, açık renk / ışık","Turn on the light, it's getting dark. Işığı aç, hava kararıyor."
"A1 3 F","London","noun","Londra","London is the capital city of England. Londra, İngiltere'nin başkentidir."
"A1 3 F","look after","verb","bakmak, ilgilenmek","She looks after her younger brother. Küçük erkek kardeşiyle ilgileniyor."
"A1 3 F","look like","verb","benzemek","She looks like her mother. Annesine benziyor."
"A1 3 F","lovely","adjective","güzel, sevimli","We had a lovely holiday by the sea. Deniz kenarında harika bir tatil geçirdik."
"A1 3 F","low","adjective","alçak, düşük","The temperature is very low today. Bugün sıcaklık çok düşük."
"A1 3 F","lucky","adjective","şanslı","I was lucky to win the prize. Ödülü kazandığım için şanslıydım."
"A1 3 F","magazine","noun","dergi","She is reading a fashion magazine. Moda dergisi okuyor."
"A1 3 F","make sure","verb","emin olmak","Make sure you lock the door before leaving. Çıkmadan önce kapıyı kilitlediğinden emin ol."
"A1 3 F","manager","noun","müdür, yönetici","He works as the store manager. Mağaza müdürü olarak çalışıyor."
"A1 3 F","March","noun","mart","Spring begins in March in our country. Ülkemizde ilkbahar mart ayında başlar."
"A1 3 F","married","adjective","evli","They have been married for ten years. On yıldır evliler."
"A1 3 F","match (football)","noun","maç (futbol maçı)","We watched a great football match on TV. Televizyonda harika bir futbol maçı izledik."
"A1 3 F","maths (US math)","noun","matematik","I like solving maths problems. Matematik problemlerini çözmeyi severim."
"A1 3 F","May","noun","mayıs","Flowers bloom everywhere in May. Mayıs ayında her yerde çiçekler açar."
"A1 3 F","may","verb","-ebilir (olasılık)","It may rain later this afternoon, take an umbrella. Öğleden sonra yağmur yağabilir, şemsiye al."
"A1 3 F","meal","noun","öğün, yemek","Breakfast is the most important meal of the day. Kahvaltı günün en önemli öğünüdür."
"A1 3 F","mechanic","noun","tamirci, mekaniker","The mechanic fixed our car engine. Tamirci arabamızın motorunu tamir etti."
"A1 3 F","medicine","noun","ilaç","Take your medicine and go to sleep. İlacını al ve uyu."
"A1 3 F","meet","verb","buluşmak, tanışmak","Let's meet at the café after school. Okuldan sonra kafede buluşalım."
"A1 3 F","meeting","noun","toplantı","The manager is attending a meeting right now. Müdür şu anda bir toplantıya katılıyor."
"A1 3 F","member","noun","üye","He is a member of the school chess club. Okul satranç kulübünün bir üyesidir."
"A1 3 F","metal","adj + noun","metal","The door has a strong metal handle. Kapının güçlü bir metal kolu var."
"A1 3 F","Michael","noun","özel isim (Michael)","Michael plays tennis every weekend. Michael her hafta sonu tenis oynar."
"A1 3 F","midday","noun","öğle vakti","The sun is right above us at midday. Öğle vaktinde güneş tam tepemizdedir."
"A1 3 F","middle","noun + adj","orta, ortasında","He sat in the middle of the room. Odanın ortasına oturdu."
"A1 3 F","midnight","noun","gece yarısı","The train arrived at midnight. Tren gece yarısı vardı."
"A1 3 F","might","verb","-ebilir (zayıf olasılık)","It might rain, so take your coat. Yağmur yağabilir, bu yüzden montunu al."
"A1 3 F","million","noun","milyon","The city has a population of two million. Şehrin iki milyon nüfusu var."
"A1 3 F","mind","verb","önemsemek, sakıncası olmak","Do you mind if I open the window? Pencereyi açmamın sakıncası var mı?"
"A1 3 F","minute","noun","dakika","Wait for me, I will be ready in a minute. Beni bekle, bir dakikaya hazır olacağım."
"A1 3 F","missing","adjective","kayıp, eksik","One of my books is missing. Kitaplarımdan biri kayıp."
"A1 3 F","mix","verb","karıştırmak","Mix the flour and milk together. Unu ve sütü birlikte karıştır."
"A1 3 F","money","noun","para","I don't have enough money to buy this car. Bu arabayı satın almak için yeterli param yok."
"A1 3 F","month","noun","ay (zaman dilimi)","There are twelve months in a year. Bir yılda on iki ay vardır."
"A1 3 F","motorway","noun","otoyol","We drove fast on the motorway. Otoyolda hızlıca sürdük."
"A1 3 F","much","adv + det + pron","çok fazla","Thank you very much for your help. Yardımın için çok teşekkür ederim."
"A1 3 F","museum","noun","müze","We visited the historical museum on Sunday. Pazar günü tarihi müzeyi ziyaret ettik."
"A1 3 F","necklace","noun","kolye","He bought a silver necklace for her birthday. Doğum günü için gümüş bir kolye satın aldı."
"A1 3 F","nest","noun","kuş yuvası","The little birds are sitting in their nest. Küçük kuşlar yuvalarında oturuyor."
"A1 3 F","news","noun","haber, haberler","I always watch the evening news on TV. Televizyonda her zaman akşam haberlerini izlerim."
"A1 3 F","newspaper","noun","gazete","My grandfather reads the morning newspaper. Büyükbabam sabah gazetesini okur."
"A1 3 F","next","adj + adv","gelecek, sonraki","See you next week! Gelecek hafta görüşürüz!"
"A1 3 F","no problem","exclamation","sorun değil","Thank you. -No problem. Teşekkür ederim. -Sorun değil."
"A1 3 F","noisy","adjective","gürültülü","The children are playing a noisy game. Çocuklar gürültülü bir oyun oynuyor."
"A1 3 F","no-one","pronoun","hiç kimse","No-one knows the answer to this question. Bu sorunun cevabını hiç kimse bilmiyor."
"A1 3 F","north","noun","kuzey","Birds fly to the south in winter. (Kuzey yönü) The cold wind blows from the north. Kuzeyden soğuk rüzgar esiyor."
"A1 3 F","November","noun","kasım","November is usually a cold month. Kasım genellikle soğuk bir aydır."
"A1 3 F","nowhere","adverb","hiçbir yer","I searched for my phone, but it is nowhere. Telefonumu aradım, ama hiçbir yerde yok."
"A1 3 F","ocean","noun","okyanus","Whales live in the deep ocean. Balinalar derin okyanusta yaşar."
"A1 3 F","October","noun","ekim","The leaves fall from trees in October. Ekim ayında ağaçlardan yapraklar düşer."
"A1 3 F","octopus","noun","ahtapot","An octopus has eight arms. Bir ahtapotun sekiz kolu vardır."
"A1 3 F","of course","adverb","tabii ki","Can you help me? -Of course! Bana yardım edebilir misin? -Tabii ki!"
"A1 3 F","offce","noun","ofis, büro","My mother works in a downtown office. Annem şehir merkezindeki bir ofiste çalışıyor."
"A1 3 F","Oliver","noun","özel isim (Oliver)","Oliver likes playing football in the garden. Oliver bahçede futbol oynamayı sever."
"A1 3 F","olives","noun","zeytin","I eat green olives for breakfast. Kahvaltıda yeşil zeytin yerim."
"A1 3 F","once","adverb","bir kez, bir defa","I visited London once. Londra'yı bir kez ziyaret ettim."
"A1 3 F","online","adjective","çevrim içi","You can buy tickets online. Biletleri çevrim içi satın alabilirsin."
"A1 3 F","other","det + pron","diğer, öteki","Where are the other books? Diğer kitaplar nerede?"
"A1 3 F","oven","noun","fırın (pişirici)","Bake the cake in the oven for 30 minutes. Keki fırında 30 dakika pişir."
"A1 3 F","over","adv + prep","üzerinde, ötesinde","The plane flew over the city. Uçak şehrin üzerinden uçtu."
"A1 3 F","p.m. (for time)","noun","öğleden sonra (saatler için)","The meeting is at 3 p.m. Toplantı öğleden sonra saat 3'te."
"A1 3 F","pajamas (UK pyjamas)","noun","pijama","Put on your pajamas before going to bed. Yatmadan önce pijamanı giy."
"A1 3 F","passenger","noun","yolcu","All passengers must fasten their seatbelts. Tüm yolcular emniyet kemerlerini bağlamalıdır."
"A1 3 F","past","noun + prep","geçen / -i geçe (saatlerde)","It is ten past five. Saat beşi on geçiyor."
"A1 3 F","path","noun","patika, yol","We followed the narrow path through the woods. Ormandaki dar patikayı takip ettik."
"A1 3 F","pepper","noun","biber","Add some salt and pepper to the soup. Çorbaya biraz tuz ve biber ekle."
"A1 3 F","perhaps","adverb","belki","Perhaps we can go to the cinema tomorrow. Belki yarın sinemaya gidebiliriz."
"A1 3 F","photographer","noun","fotoğrafçı","The photographer took pictures of the wedding. Fotoğrafçı düğünün fotoğraflarını çekti."
"A1 3 F","piece","noun","parça","Would you like a piece of cake? Bir dilim kek ister misin?"
"A1 3 F","pilot","noun","pilot","The pilot safely landed the airplane. Pilot uçağı güvenli bir şekilde indirdi."
"A1 3 F","pizza","noun","pizza","We ordered a large cheese pizza. Büyük bir peynirli pizza sipariş ettik."
"A1 3 F","planet","noun","gezegen","Earth is the planet we live on. Dünya üzerinde yaşadığımız gezegendir."
"A1 3 F","plastic","adj + noun","plastik","Don't use single-use plastic bags. Tek kullanımlık plastik poşetler kullanma."
"A1 3 F","platform","noun","peron","The train to London leaves from platform two. Londra treni ikinci perondan kalkıyor."
"A1 3 F","pleased","adjective","memnun","I am very pleased with your work. Çalışmandan çok memnunum."
"A1 3 F","pocket","noun","cep","He put his hands in his coat pockets. Ellerini montunun cebine koydu."
"A1 3 F","police offcer","noun","polis memuru","The police officer helped us find the way. Polis memuru yolu bulmamıza yardım etti."
"A1 3 F","police station","noun","polis merkezi","We reported the lost bag at the police station. Kayıp çantayı polis merkezine bildirdik."
"A1 3 F","pond","noun","gölet","Ducks are swimming in the garden pond. Bahçe göletinde ördekler yüzüyor."
"A1 3 F","poor","adjective","fakir, yoksul","He helps poor people in his town. Kasabasındaki yoksul insanlara yardım eder."
"A1 3 F","pop music","noun","pop müzik","She likes listening to pop music. Pop müzik dinlemeyi sever."
"A1 3 F","popular","adjective","popüler","Football is a very popular sport worldwide. Futbol dünya çapında çok popüler bir spordur."
"A1 3 F","post","verb","postalamak, göndermek","I need to post this letter today. Bu mektubu bugün postalamam gerekiyor."
"A1 3 F","post offce","noun","postane","I bought stamps at the post office. Postaneden pul satın aldım."
"A1 3 F","postcard","noun","kartpostal","She sent a nice postcard from Paris. Paris'ten güzel bir kartpostal gönderdi."
"A1 3 F","prefer","verb","tercih etmek","I prefer tea to coffee. Çayı kahveye tercih ederim."
"A1 3 F","prepare","verb","hazırlamak","Mom is preparing dinner in the kitchen. Anne mutfakta akşam yemeği hazırlıyor."
"A1 3 F","prize","noun","ödül","He won first prize in the competition. Yarışmada birincilik ödülünü kazandı."
"A1 3 F","problem","noun","sorun, problem","We can easily solve this math problem. Bu matematik problemini kolayca çözebiliriz."
"A1 3 F","programme (US program)","noun","program, yayın","I watched an interesting science program on TV. Televizyonda ilginç bir bilim programı izledim."
"A1 3 F","project","noun","proje","Students are working on a school project. Öğrenciler bir okul projesi üzerinde çalışıyor."
"A1 3 F","pull","verb","çekmek","Pull the door to open it. Açmak için kapıyı çek."
"A1 3 F","push","verb","itmek","Push the door to open it. Açmak için kapıyı it."
"A1 3 F","puzzle","noun","bulmaca, yapboz","I like solving crossword puzzles. Bulmaca çözmeyi severim."
"A1 3 F","pyjamas (US pajamas)","noun","pijama","Put on your warm pyjamas before bed. Yatmadan önce sıcak pijamalarını giy."
"A1 3 F","pyramid","noun","piramit","The ancient pyramids of Egypt are famous. Mısır'ın antik piramitleri ünlüdür."
"A1 3 F","quarter","noun","çeyrek","It is a quarter past three. Saat üçü çeyrek geçiyor."
"A1 3 F","queen","noun","kraliçe","The queen ruled the kingdom wisely. Kraliçe krallığı bilgelikle yönetti."
"A1 3 F","quite","adverb","oldukça","The test was quite easy. Test oldukça kolaydı."
"A1 3 F","quiz","noun","kısa sınav, quiz","We had a surprise English quiz today. Bugün sürpriz bir İngilizce sınavımız oldu."
"A1 3 F","race","noun + var","yarış / yarışmak","He won the 100-meter running race. 100 metre koşu yarışını kazandı."
"A1 3 F","racing (car; bike)","adjective","yarış (arabası, bisikleti)","He watched the car racing on TV. Televizyonda araba yarışını izledi."
"A1 3 F","railway","noun","demiryolu","The old railway goes through the mountains. Eski demiryolu dağlardan geçiyor."
"A1 3 F","ready","adjective","hazır","Are you ready for the exam? Sınav için hazır mısın?"
"A1 3 F","remember","verb","hatırlamak","I can't remember his name. Onun adını hatırlayamıyorum."
"A1 3 F","repair","verb","tamir etmek","He is repairing his broken bicycle. Kırık bisikletini tamir ediyor."
"A1 3 F","repeat","verb","tekrar etmek","Please repeat what you said. Lütfen söylediğini tekrar et."
"A1 3 F","restaurant","noun","restoran, lokanta","We had dinner at an Italian restaurant. İtalyan restoranında akşam yemeği yedik."
"A1 3 F","rich","adjective","zengin","He lives in a large house because he is rich. Zengin olduğu için büyük bir evde yaşıyor."
"A1 3 F","Richard","noun","özel isim (Richard)","Richard plays tennis every Saturday. Richard her cumartesi tenis oynar."
"A1 3 F","right (as in direction)","noun","sağ, sağ taraf","Turn right at the corner. Köşeden sağa dön."
"A1 3 F","right","adjective","doğru, haklı","You are right, this is the best choice. Haklısın, bu en iyi seçim."
"A1 3 F","ring","noun","yüzük, halka","She is wearing a gold wedding ring. Altın bir evlilik yüzüğü takıyor."
"A1 3 F","Robert","noun","özel isim (Robert)","Robert likes reading history books. Robert tarih kitapları okumayı sever."
"A1 3 F","rock music","noun","rock müzik","He loves listening to loud rock music. Yüksek sesli rock müzik dinlemeyi sever."
"A1 3 F","rocket","noun","roket","The space rocket launched into the sky. Uzay roketi gökyüzüne fırlatıldı."
"A1 3 F","rucksack (US backpack)","noun","sırt çantası","He carries his books in a heavy rucksack. Kitaplarını ağır bir sırt çantasında taşıyor."
"A1 3 F","salt","noun","tuz","The soup needs a little more salt. Çorbanın biraz daha tuza ihtiyacı var."
"A1 3 F","same","adjective","aynı","We are wearing the same shoes. Aynı ayakkabıları giyiyoruz."
"A1 3 F","Sarah","noun","özel isim (Sarah)","Sarah is playing the piano in her room. Sarah odasında piyano çalıyor."
"A1 3 F","save","verb","kurtarmak, biriktirmek","He is trying to save money for a car. Bir araba için para biriktirmeye çalışıyor."
"A1 3 F","science","noun","fen bilgisi, bilim","Physics and chemistry are science subjects. Fizik ve kimya fen dersleridir."
"A1 3 F","scissors","noun","makas","Cut the paper with a pair of scissors. Kağıdı bir makasla kes."
"A1 3 F","score","noun","skor, puan","The final match score was two to one. Son maç skoru ikiye birdi."
"A1 3 F","screen","noun","ekran","Clean your computer screen regularly. Bilgisayar ekranını düzenli olarak temizle."
"A1 3 F","search","noun + var","arama / aramak","I did a web search for the information. Bilgi için internette bir arama yaptım."
"A1 3 F","secret","noun","sır","Can you keep a secret? Bir sırrı saklayabilir misin?"
"A1 3 F","sell","verb","satmak","They decided to sell their old car. Eski arabalarını satmaya karar verdiler."
"A1 3 F","September","noun","eylül","School starts again in September. Okul eylülde yeniden başlar."
"A1 3 F","several","adjective","birkaç, birtakım","Several students were absent today. Bugün birkaç öğrenci yoktu."
"A1 3 F","shampoo","noun","şampuan","She washed her hair with herbal shampoo. Bitkisel şampuanla saçını yıkadı."
"A1 3 F","shelf","noun","raf","Put the books back on the shelf. Kitapları rafa geri koy."
"A1 3 F","should","verb","-meli, -malı (tavsiye)","You should study hard for the exam. Sınav için çok çalışmalısın."
"A1 3 F","silver","adj + noun","gümüş","She is wearing a nice silver ring. Güzel bir gümüş yüzük takıyor."
"A1 3 F","since","preposition","-den beri","I have lived here since 2010. 2010'dan beri burada yaşıyorum."
"A1 3 F","singer","noun","şarkıcı","Tarkan is a very famous pop singer. Tarkan çok ünlü bir pop şarkıcısıdır."
"A1 3 F","ski","noun + var","kayak / kayak yapmak","We went skiing in the mountains last winter. Geçen kış dağlarda kayak yapmaya gittik."
"A1 3 F","skyscraper","noun","gökdelen","New York is famous for its tall skyscrapers. New York yüksek gökdelenleriyle ünlüdür."
"A1 3 F","sledge","noun + var","kızak / kızakla kaymak","Children love sledging down the snowy hill. Çocuklar karlı tepeden kızakla kaymayı sever."
"A1 3 F","smell","noun + var","koku / kokmak, koklamak","The flowers in the garden smell wonderful. Bahçedeki çiçekler harika kokuyor."
"A1 3 F","snack","noun","atıştırmalık","I ate a quick snack before dinner. Akşam yemeğinden önce hızlı bir atıştırmalık yedim."
"A1 3 F","snowball","noun","kartopu","Children threw snowballs at each other. Çocuklar birbirlerine kartopu attı."
"A1 3 F","snowboard","noun","snowboard (kar tahtası)","He bought a new snowboard for winter. Kış için yeni bir snowboard aldı."
"A1 3 F","snowboarding","noun","snowboard yapma","Snowboarding is a very popular winter sport. Snowboard yapmak çok popüler bir kış sporu."
"A1 3 F","snowman","noun","kardan adam","We built a big snowman in the yard. Avluda büyük bir kardan adam yaptık."
"A1 3 F","so","adv + conj","bu yüzden, öyle","It was raining, so we stayed inside. Yağmur yağıyordu, bu yüzden içeride kaldık."
"A1 3 F","soap","noun","sabun","Wash your hands thoroughly with soap. Ellerinizi sabunla iyice yıkayın."
"A1 3 F","soft","adjective","yumuşak","This sofa is very comfortable and soft. Bu kanepe çok rahat ve yumuşaktır."
"A1 3 F","somewhere","adverb","bir yerlerde","I left my keys somewhere in the house. Anahtarlarımı evde bir yerlerde unuttum."
"A1 3 F","soon","adverb","yakında","See you soon! Yakında görüşürüz!"
"A1 3 F","Sophia","noun","özel isim (Sophia)","Sophia is reading a story book. Sophia bir hikaye kitabı okuyor."
"A1 3 F","sore","adjective","ağrıyan, sızlayan","I have a sore throat today. Bugün boğazım ağrıyor."
"A1 3 F","sound","noun + var","ses / ses çıkarmak, gibi gelmek","That sounds like a great idea. Bu harika bir fikir gibi geliyor."
"A1 3 F","south","noun","güney","Birds fly to the south in winter. Kuşlar kışın güneye uçar."
"A1 3 F","space","noun","uzay, boşluk","The spaceship traveled deep into space. Uzay gemisi uzayın derinliklerine seyahat etti."
"A1 3 F","spaceship","noun","uzay gemusu","Astronauts travel to other planets by spaceship. Astronotlar uzay gemisiyle diğer gezegenlere seyahat eder."
"A1 3 F","speak","verb","konuşmak","She can speak three languages fluently. Akıcı bir şekilde üç dil konuşabiliyor."
"A1 3 F","special","adjective","özel","Today is a very special day for us. Bugün bizim için çok özel bir gün."
"A1 3 F","spend","verb","harcamak, geçirmek","He spends a lot of time reading books. Kitap okumaya çok zaman harcıyor."
"A1 3 F","spoon","noun","kaşık","Eat your soup with a spoon. Çorbayı kaşıkla ye."
"A1 3 F","spot","noun","leke, benek","The puppy has black spots on its white fur. Yavru köpeğin beyaz kürkünün üzerinde siyah benekler var."
"A1 3 F","spotted","adjective","benekli","She is wearing a spotted red dress. Benekli kırmızı bir elbise giyiyor."
"A1 3 F","spring","noun","ilkbahar","Flowers bloom everywhere in spring. İlkbaharda her yerde çiçekler açar."
"A1 3 F","stadium","noun","stadyum","Thousands of fans filled the football stadium. Binlerce taraftar futbol stadyumunu doldurdu."
"A1 3 F","stage (theatre)","noun","sahne (tiyatro)","The actors walked onto the theatre stage. Aktörler tiyatro sahnede yürüdü."
"A1 3 F","stamp","noun","pul (posta pulu)","She collects rare stamps from all over world. Dünyanın her yerinden nadir pullar topluyor."
"A1 3 F","stay","verb","kalmak","We stayed at a luxury hotel during the trip. Gezi sırasında lüks bir otelde kaldık."
"A1 3 F","step","noun","adım","Take a step forward, please. Lütfen bir adım ileri at."
"A1 3 F","still","adverb","hala","He is still sleeping in his room. Hala odasında uyuyor."
"A1 3 F","stone","noun","taş","He tripped over a large stone on the road. Yolda büyük bir taşa takılıp düştü."
"A1 3 F","storm","noun","fırtına","A heavy storm is coming from the sea. Denizden şiddetli bir fırtına geliyor."
"A1 3 F","straight on","adverb","dosdoğru ileri","Walk straight on and you will see the shop. Dosdoğru ileri yürü, dükkanı göreceksin."
"A1 3 F","strange","adjective","tuhaf, garip","I heard a strange noise outside last night. Dün gece dışarıda tuhaf bir ses duydum."
"A1 3 F","strawberry","noun","çilek","I like eating fresh strawberries in summer. Yazın taze çilek yemeyi severim."
"A1 3 F","stream","noun","dere, çay","A clear stream flows through the green valley. Yeşil vadi içinden berrak bir dere akıyor."
"A1 3 F","stripe","noun","çizgi, şerit","The tiger has black stripes on its body. Kaplanın vücudunda siyah çizgiler vardır."
"A1 3 F","striped","adjective","çizgili","He is wearing a striped blue shirt. Çizgili mavi bir gömlek giyiyor."
"A1 3 F","student","noun","öğrenci","She is an ambitious English student. O çalışkan bir İngilizce öğrencisidir."
"A1 3 F","study","verb","çalışmak, ders çalışmak","He is studying hard for the exam. Sınav için çok çalışıyor."
"A1 3 F","subject","noun","ders, konu","Maths is my favorite school subject. Matematik benim en sevdiğim okul dersidir."
"A1 3 F","such","determiner","böyle, öyle","It was such a nice day for a picnic. Piknik için öylesine güzel bir gündü ki."
"A1 3 F","suddenly","adverb","ansızın, aniden","Suddenly, it started to rain heavily. Aniden şiddetli yağmur yağmaya başladı."
"A1 3 F","sugar","noun","şeker","Do you take sugar in your tea? Çayına şeker koyar mısın?"
"A1 3 F","suitcase","noun","bavul, valiz","He packed his clothes in a large suitcase. Kıyafetlerini büyük bir bavula yerleştirdi."
"A1 3 F","summer","noun","yaz (mevsimi)","We usually go to the seaside in summer. Genellikle yazın deniz kenarına gideriz."
"A1 3 F","sunglasses","noun","güneş gözlüğü","Wear your sunglasses, the sun is very bright. Güneş gözlüğünü tak, güneş çok parlak."
"A1 3 F","sure","adjective","emin","Are you sure about this plan? Bu plan hakkında emin misin?"
"A1 3 F","surname","noun","soyadı","What is your family surname? Ailenizin soyadı nedir?"
"A1 3 F","surprise","noun","sürpriz","We planned a birthday surprise for him. Onun için bir doğum günü sürprizi planladık."
"A1 3 F","swan","noun","kuğu","White swans are swimming in the lake. Gölün içinde beyaz kuğular yüzüyor."
"A1 3 F","swing","noun + var","salıncak / sallanmak","Children love playing on the garden swing. Çocuklar bahçe salıncağında sallanmayı sever."
"A1 3 F","take (as in time e.g. it takes 20 minutes)","verb","sürmek (zaman alımını belirtmek)","It takes twenty minutes to walk to school. Okula yürümek yirmi dakika sürüyor."
"A1 3 F","taste","noun + var","tat / tatmak, lezzeti olmak","This soup tastes delicious. Bu çorba çok lezzetli tadıyor."
"A1 3 F","taxi","noun","taksi","We took a taxi to reach the station quickly. İstasyona hızlıca ulaşmak için taksi tuttuk."
"A1 3 F","team","noun","takım, ekip","Our school football team won the match. Okul futbol takımı maçı kazandı."
"A1 3 F","telephone","noun","telefon","She answered the telephone immediately. Telefonu hemen cevapladı."
"A1 3 F","tent","noun","çadır","We camped in a green tent by the lake. Göl kenarında yeşil bir çadırda kamp yaptık."
"A1 3 F","thank","verb","teşekkür etmek","I want to thank you for your great help. Büyük yardımın için sana teşekkür etmek istiyorum."
"A1 3 F","theatre (US theater)","noun","tiyatro","We watched a wonderful play at the theatre. Tiyatroda harika bir oyun izledik."
"A1 3 F","thousand","noun","bin (sayı)","There are a thousand students in our school. Okulumuzda bin öğrenci var."
"A1 3 F","through","preposition","içinden, baştan başa","The train went through a dark tunnel. Tren karanlık bir tünelin içinden geçti."
"A1 3 F","tidy","adj + var","düzenli / toplamak, düzenlemek","Keep your bedroom clean and tidy. Yatak odanı temiz ve düzenli tut."
"A1 3 F","time","noun","zaman, vakit","What time is it now? Saat şimdi kaç?"
"A1 3 F","timetable","noun","ders programı, tarife","Check the school timetable for lessons. Dersler için okul programını kontrol et."
"A1 3 F","toe","noun","ayak parmağı","He hurt his big toe playing football. Futbol oynarken baş parmağını incitti."
"A1 3 F","together","adverb","birlikte","We always study English together. Her zaman birlikte İngilizce çalışıyoruz."
"A1 3 F","tomorrow","adv + noun","yarın","Tomorrow is a public holiday. Yarın resmi tatildir."
"A1 3 F","tonight","adv + noun","bu gece","What are your plans for tonight? Bu gece için planların neler?"
"A1 3 F","torch (US ﬂashlight)","noun","el feneri","Use a torch to see in the dark cellar. Karanlık kilerde görmek için el feneri kullan."
"A1 3 F","tortoise","noun","kaplumbağa","A tortoise moves very slowly. Bir kaplumbağa çok yavaş hareket eder."
"A1 3 F","touch","verb","dokunmak","Don't touch the wet paint. Islak boyaya dokunma."
"A1 3 F","tour","noun","tur, gezi","We took a guided tour of the old city. Eski şehrin rehberli turuna katıldık."
"A1 3 F","traffc","noun","trafik","There is heavy traffic on the road today. Bugün yolda yoğun trafik var."
"A1 3 F","trainers","noun","spor ayakkabı","I wear comfortable trainers for running. Koşmak için rahat spor ayakkabılar giyerim."
"A1 3 F","tune","noun","melodi, ezgi","She is humming a cheerful tune. Neşeli bir melodi mırıldanıyor."
"A1 3 F","turn","verb","dönmek, çevirmek","Turn right at the traffic lights. Trafik ışıklarından sağa dön."
"A1 3 F","turn off","verb","kapatmak (cihazı vb.)","Turn off the lights before leaving the room. Odadan çıkmadan önce lambaları kapat."
"A1 3 F","turn on","verb","açmak (cihazı vb.)","Turn on the TV, the news is starting. Televizyonu aç, haberler başlıyor."
"A1 3 F","twice","adverb","iki kez","I visited my grandparents twice this week. Bu hafta büyükannemi iki kez ziyaret ettim."
"A1 3 F","tyre (US tire)","noun","lastik (tekerlek lastiği)","The car has a flat tyre, we need to fix it. Arabanın patlak bir lastiği var, tamir etmeliyiz."
"A1 3 F","umbrella","noun","şemsiye","Take your umbrella, it is starting to rain. Şemsiyeni al, yağmur yağmaya başlıyor."
"A1 3 F","unfriendly","adjective","dostça olmayan, soğuk","He looked a bit unfriendly at first. İlk başta biraz soğuk görünüyordu."
"A1 3 F","unhappy","adjective","mutsuz","She looked unhappy because she lost her book. Kitabını kaybettiği için mutsuz görünüyordu."
"A1 3 F","uniform","noun","üniforma","Students wear a blue school uniform. Öğrenciler mavi okul üniforması giyer."
"A1 3 F","university","noun","üniversite","He studies engineering at university. Üniversitede mühendislik okuyor."
"A1 3 F","unkind","adjective","kaba, nezaketsiz","It is unkind to laugh at other people. Başkalarına gülmek kaba bir davranıştır."
"A1 3 F","untidy","adjective","dağınık","His bedroom is always untidy. Yatak odası her zaman daınıktır."
"A1 3 F","until","preposition","-e kadar","I will wait here until you come. Sen gelene kadar burada bekleyeceğim."
"A1 3 F","unusual","adjective","alışılmadık, tuhaf","That is an unusual dress design. Bu alışılmadık bir elbise tasarımıdır."
"A1 3 F","use","verb","kullanmak","I use a computer for my daily work. Günlük işim için bir bilgisayar kullanıyorum."
"A1 3 F","usually","adverb","genellikle","I usually drink coffee in the morning. Genellikle sabahları kahve içerim."
"A1 3 F","view","noun","manzara","Our hotel room has a wonderful sea view. Otel odamızın harika bir deniz manzarası var."
"A1 3 F","violin","noun","keman","She plays classical music on the violin. Kemanda klasik müzik çalıyor."
"A1 3 F","visit","verb","ziyaret etmek","We will visit our grandparents this weekend. Bu hafta sonu büyükannemizi ziyaret edeceğiz."
"A1 3 F","volleyball","noun","voleybol","We play volleyball on the beach in summer. Yazın kumsalda voleybol oynarız."
"A1 3 F","waiter","noun","garson","The waiter brought our food to the table. Garson yemeğimizi masaya getirdi."
"A1 3 F","warm","adjective","ılık, sıcakça","Wear a warm coat, it's chilly outside. Ilık bir mont giy, dışarısı serin."
"A1 3 F","way","noun","yol, yöntem","Can you show me the way to the station? İstasyona giden yolu bana gösterebilir misin?"
"A1 3 F","west","noun","batı","The sun sets in the west every evening. Güneş her akşam batıdan batar."
"A1 3 F","wheel","noun","tekerlek","The bicycle has two round wheels. Bisikletin iki yuvarlak tekerleği vardır."
"A1 3 F","while","conjunction","-ken, iken","She read a book while waiting for the bus. Otobüs beklerken kitap okudu."
"A1 3 F","whisper","verb","fısıldamak","He whispered a secret in my ear. Kulağıma bir sır fısıldadı."
"A1 3 F","whistle","noun + var","düdük / ıslık çalmak","The referee blew his whistle to stop the game. Hakem oyunu durdurmak için düdüğünü çaldı."
"A1 3 F","wife","noun","eş, karı","His wife works as a school teacher. Eşi okul öğretmeni olarak çalışıyor."
"A1 3 F","wifi","noun","kablosuz ağ (Wi-Fi)","Is there free wifi available here? Burada ücretsiz kablosuz ağ var mı?"
"A1 3 F","wild","adjective","vahşi, evcil olmayan","Lions and tigers are wild animals. Aslanlar ve kaplanlar vahşi hayvandır."
"A1 3 F","will","verb","-ecek, -acak (gelecek zaman)","I will help you with your homework. Ödevinde sana yardım edeceğim."
"A1 3 F","William","noun","özel isim (William)","William likes playing tennis with his friends. William arkadaşlarıyla tenis oynamayı sever."
"A1 3 F","win","verb","kazanmak","Our team will win the match today. Takımımız bugün maçı kazanacak."
"A1 3 F","wing","noun","kanat","Birds use their wings to fly. Kuşlar uçmak için kanatlarını kullanır."
"A1 3 F","winner","noun","kazanan, galip","She was announced as the race winner. Yarışın kazananı olduğu ilan edildi."
"A1 3 F","winter","noun","kış","It often snows here in winter. Burada kışın sıklıkla kar yağar."
"A1 3 F","wish","noun + var","dilek / istemek, dilemek","I wish you a very happy birthday. Sana çok mutlu bir doğum günü dilerim."
"A1 3 F","without","preposition","-siz, -sız (olmadan)","I cannot go out without my coat. Montum olmadan dışarı çıkamam."
"A1 3 F","wonderful","adjective","şahane, harika","We had a wonderful holiday in Spain. İspanya'da harika bir tatil geçirdik."
"A1 3 F","wood","noun","odun, ahşap, orman","The table is made of solid wood. Masa masif ahşaptan yapılmıştır."
"A1 3 F","wool","noun","yün","She is wearing a warm wool sweater. Sıcak bir yün kazak giyiyor."
"A1 3 F","worried","adjective","endişeli, kaygılı","She looked worried about the exam results. Sınav sonuçları konusunda endişeli görünüyordu."
"A1 3 F","x-ray","noun","röntgen (x ışını)","The doctor took an x-ray of his arm. Doktor kolunun röntgenini çekti."
"A1 3 F","yet","adverb","henüz","I haven't finished my homework yet. Ödevimi henüz bitirmedim."
"A1 3 F","yoghurt","noun","yoğurt","I eat plain yoghurt with my meal. Yemeğimin yanında sade yoğurt yerim."
"A1 3 F","you’re welcome","exclamation","bir şey değil","Thank you. -You're welcome. Teşekkür ederim. -Bir şey değil."
"A1 3 F","zero","noun","sıfır (sayı)","The temperature dropped to zero degrees. Sıcaklık sıfır dereceye düştü."
